<ExData>
  <Table Name="AiNameCfg">
    <ColumnList>
      <Column Name="n_id" DataType="1" />
      <Column Name="s_name" DataType="4" />
    </ColumnList>
    <Record n_id="1" s_name="Max" />
    <Record n_id="2" s_name="Zea" />
    <Record n_id="3" s_name="Ivy" />
    <Record n_id="4" s_name="Joe" />
    <Record n_id="5" s_name="Zoe" />
    <Record n_id="6" s_name="Eda" />
    <Record n_id="7" s_name="Des" />
    <Record n_id="8" s_name="Jed" />
    <Record n_id="9" s_name="Ken" />
    <Record n_id="10" s_name="Joy" />
    <Record n_id="11" s_name="Leo" />
    <Record n_id="12" s_name="Red" />
    <Record n_id="13" s_name="Roy" />
    <Record n_id="14" s_name="Eve" />
    <Record n_id="15" s_name="Kit" />
    <Record n_id="16" s_name="Lea" />
    <Record n_id="17" s_name="Eli" />
    <Record n_id="18" s_name="Rex" />
    <Record n_id="19" s_name="Ian" />
    <Record n_id="20" s_name="Ely" />
    <Record n_id="21" s_name="Kim" />
    <Record n_id="22" s_name="Eva" />
    <Record n_id="23" s_name="Una" />
    <Record n_id="24" s_name="One" />
    <Record n_id="25" s_name="Lee" />
    <Record n_id="26" s_name="Guy" />
    <Record n_id="27" s_name="Red" />
    <Record n_id="28" s_name="Ida" />
    <Record n_id="29" s_name="Hal" />
    <Record n_id="30" s_name="Cub" />
    <Record n_id="31" s_name="Ann" />
    <Record n_id="32" s_name="Ada" />
    <Record n_id="33" s_name="Kay" />
    <Record n_id="34" s_name="Rose" />
    <Record n_id="35" s_name="Pure" />
    <Record n_id="36" s_name="Owen" />
    <Record n_id="37" s_name="Alda" />
    <Record n_id="38" s_name="Wolf" />
    <Record n_id="39" s_name="Gale" />
    <Record n_id="40" s_name="Olga" />
    <Record n_id="41" s_name="Rosa" />
    <Record n_id="42" s_name="Star" />
    <Record n_id="43" s_name="Ivar" />
    <Record n_id="44" s_name="Stan" />
    <Record n_id="45" s_name="Wise" />
    <Record n_id="46" s_name="Will" />
    <Record n_id="47" s_name="King" />
    <Record n_id="48" s_name="Jade" />
    <Record n_id="49" s_name="Kane" />
    <Record n_id="50" s_name="Dean" />
    <Record n_id="51" s_name="Trix" />
    <Record n_id="52" s_name="Dora" />
    <Record n_id="53" s_name="Rory" />
    <Record n_id="54" s_name="Ulva" />
    <Record n_id="55" s_name="Free" />
    <Record n_id="56" s_name="Kate" />
    <Record n_id="57" s_name="Drew" />
    <Record n_id="58" s_name="Lola" />
    <Record n_id="59" s_name="Lois" />
    <Record n_id="60" s_name="Hope" />
    <Record n_id="61" s_name="Maia" />
    <Record n_id="62" s_name="Thea" />
    <Record n_id="63" s_name="Hugh" />
    <Record n_id="64" s_name="Lars" />
    <Record n_id="65" s_name="Luna" />
    <Record n_id="66" s_name="Iver" />
    <Record n_id="67" s_name="Page" />
    <Record n_id="68" s_name="Lane" />
    <Record n_id="69" s_name="Dion" />
    <Record n_id="70" s_name="Nora" />
    <Record n_id="71" s_name="Echo" />
    <Record n_id="72" s_name="Tony" />
    <Record n_id="73" s_name="Fawn" />
    <Record n_id="74" s_name="Ward" />
    <Record n_id="75" s_name="Emma" />
    <Record n_id="76" s_name="Seth" />
    <Record n_id="77" s_name="Just" />
    <Record n_id="78" s_name="Earl" />
    <Record n_id="79" s_name="Faye" />
    <Record n_id="80" s_name="Elga" />
    <Record n_id="81" s_name="Leon" />
    <Record n_id="82" s_name="Nola" />
    <Record n_id="83" s_name="Zera" />
    <Record n_id="84" s_name="Holy" />
    <Record n_id="85" s_name="Ivan" />
    <Record n_id="86" s_name="Kyla" />
    <Record n_id="87" s_name="Mark" />
    <Record n_id="88" s_name="Leah" />
    <Record n_id="89" s_name="Kent" />
    <Record n_id="90" s_name="Wide" />
    <Record n_id="91" s_name="Lara" />
    <Record n_id="92" s_name="Rhea" />
    <Record n_id="93" s_name="John" />
    <Record n_id="94" s_name="Ryan" />
    <Record n_id="95" s_name="Noel" />
    <Record n_id="96" s_name="Vera" />
    <Record n_id="97" s_name="Dark" />
    <Record n_id="98" s_name="Mora" />
    <Record n_id="99" s_name="Olaf" />
    <Record n_id="100" s_name="Salt" />
    <Record n_id="101" s_name="Hugo" />
    <Record n_id="102" s_name="Just" />
    <Record n_id="103" s_name="Kara" />
    <Record n_id="104" s_name="Judy" />
    <Record n_id="105" s_name="Tara" />
    <Record n_id="106" s_name="Marc" />
    <Record n_id="107" s_name="Egil" />
    <Record n_id="108" s_name="Toby" />
    <Record n_id="109" s_name="Kirk" />
    <Record n_id="110" s_name="Rita" />
    <Record n_id="111" s_name="Lynn" />
    <Record n_id="112" s_name="Rich" />
    <Record n_id="113" s_name="Land" />
    <Record n_id="114" s_name="Nell" />
    <Record n_id="115" s_name="Joan" />
    <Record n_id="116" s_name="Kyle" />
    <Record n_id="117" s_name="Grey" />
    <Record n_id="118" s_name="Myra" />
    <Record n_id="119" s_name="Fern" />
    <Record n_id="120" s_name="Bess" />
    <Record n_id="121" s_name="Wood" />
    <Record n_id="122" s_name="Iris" />
    <Record n_id="123" s_name="Mark" />
    <Record n_id="124" s_name="Fara" />
    <Record n_id="125" s_name="Ruby" />
    <Record n_id="126" s_name="Firm" />
    <Record n_id="127" s_name="Gwen" />
    <Record n_id="128" s_name="Beth" />
    <Record n_id="129" s_name="Dirk" />
    <Record n_id="130" s_name="Neal" />
    <Record n_id="131" s_name="Jack" />
    <Record n_id="132" s_name="Lulu" />
    <Record n_id="133" s_name="Zane" />
    <Record n_id="134" s_name="Ezra" />
    <Record n_id="135" s_name="Evan" />
    <Record n_id="136" s_name="Kody" />
    <Record n_id="137" s_name="Dawn" />
    <Record n_id="138" s_name="Life" />
    <Record n_id="139" s_name="Edan" />
    <Record n_id="140" s_name="Fair" />
    <Record n_id="141" s_name="Lane" />
    <Record n_id="142" s_name="Bird" />
    <Record n_id="143" s_name="Lucy" />
    <Record n_id="144" s_name="Edna" />
    <Record n_id="145" s_name="Lame" />
    <Record n_id="146" s_name="Igor" />
    <Record n_id="147" s_name="Mary" />
    <Record n_id="148" s_name="June" />
    <Record n_id="149" s_name="Nina" />
    <Record n_id="150" s_name="Tess" />
    <Record n_id="151" s_name="Ross" />
    <Record n_id="152" s_name="Erik" />
    <Record n_id="153" s_name="Free" />
    <Record n_id="154" s_name="Ella" />
    <Record n_id="155" s_name="Ursa" />
    <Record n_id="156" s_name="Rolf" />
    <Record n_id="157" s_name="Hale" />
    <Record n_id="158" s_name="Jane" />
    <Record n_id="159" s_name="Paul" />
    <Record n_id="160" s_name="Wolf" />
    <Record n_id="161" s_name="Hall" />
    <Record n_id="162" s_name="Alma" />
    <Record n_id="163" s_name="Gale" />
    <Record n_id="164" s_name="Troy" />
    <Record n_id="165" s_name="Fire" />
    <Record n_id="166" s_name="Jill" />
    <Record n_id="167" s_name="Ives" />
    <Record n_id="168" s_name="Egan" />
    <Record n_id="169" s_name="Keith" />
    <Record n_id="170" s_name="Berta" />
    <Record n_id="171" s_name="Fairy" />
    <Record n_id="172" s_name="Henry" />
    <Record n_id="173" s_name="Janet" />
    <Record n_id="174" s_name="Stacy" />
    <Record n_id="175" s_name="Flame" />
    <Record n_id="176" s_name="Udolf" />
    <Record n_id="177" s_name="Tasha" />
    <Record n_id="178" s_name="Edlyn" />
    <Record n_id="179" s_name="Madge" />
    <Record n_id="180" s_name="Nigel" />
    <Record n_id="181" s_name="Elias" />
    <Record n_id="182" s_name="Vance" />
    <Record n_id="183" s_name="Wenda" />
    <Record n_id="184" s_name="Royce" />
    <Record n_id="185" s_name="Hilda" />
    <Record n_id="186" s_name="Weary" />
    <Record n_id="187" s_name="Effie" />
    <Record n_id="188" s_name="Shawn" />
    <Record n_id="189" s_name="Laura" />
    <Record n_id="190" s_name="Kacey" />
    <Record n_id="191" s_name="Sibyl" />
    <Record n_id="192" s_name="Holly" />
    <Record n_id="193" s_name="Percy" />
    <Record n_id="194" s_name="Crown" />
    <Record n_id="195" s_name="Faith" />
    <Record n_id="196" s_name="Drake" />
    <Record n_id="197" s_name="Hardy" />
    <Record n_id="198" s_name="Garth" />
    <Record n_id="199" s_name="Sybil" />
    <Record n_id="200" s_name="Nancy" />
    <Record n_id="201" s_name="Hazel" />
    <Record n_id="202" s_name="Maude" />
    <Record n_id="203" s_name="Leigh" />
    <Record n_id="204" s_name="Freda" />
    <Record n_id="205" s_name="Donna" />
    <Record n_id="206" s_name="Queen" />
    <Record n_id="207" s_name="Misty" />
    <Record n_id="208" s_name="Anita" />
    <Record n_id="209" s_name="Diane" />
    <Record n_id="210" s_name="Sacha" />
    <Record n_id="211" s_name="Seeds" />
    <Record n_id="212" s_name="Elroy" />
    <Record n_id="213" s_name="Blair" />
    <Record n_id="214" s_name="Damon" />
    <Record n_id="215" s_name="Homer" />
    <Record n_id="216" s_name="Eldon" />
    <Record n_id="217" s_name="Honor" />
    <Record n_id="218" s_name="Polly" />
    <Record n_id="219" s_name="Kilby" />
    <Record n_id="220" s_name="Irene" />
    <Record n_id="221" s_name="Sharp" />
    <Record n_id="222" s_name="Elfin" />
    <Record n_id="223" s_name="Elmer" />
    <Record n_id="224" s_name="Noble" />
    <Record n_id="225" s_name="Jimmy" />
    <Record n_id="226" s_name="Trent" />
    <Record n_id="227" s_name="Marta" />
    <Record n_id="228" s_name="Doyle" />
    <Record n_id="229" s_name="Wylie" />
    <Record n_id="230" s_name="Robin" />
    <Record n_id="231" s_name="Owner" />
    <Record n_id="232" s_name="Beata" />
    <Record n_id="233" s_name="Silas" />
    <Record n_id="234" s_name="Ethel" />
    <Record n_id="235" s_name="Eaton" />
    <Record n_id="236" s_name="Kerri" />
    <Record n_id="237" s_name="Roger" />
    <Record n_id="238" s_name="Magda" />
    <Record n_id="239" s_name="Nadia" />
    <Record n_id="240" s_name="Joyce" />
    <Record n_id="241" s_name="Wayne" />
    <Record n_id="242" s_name="Dixon" />
    <Record n_id="243" s_name="Rufus" />
    <Record n_id="244" s_name="Riley" />
    <Record n_id="245" s_name="Honey" />
    <Record n_id="246" s_name="Fiona" />
    <Record n_id="247" s_name="Robin" />
    <Record n_id="248" s_name="Ralph" />
    <Record n_id="249" s_name="Hanna" />
    <Record n_id="250" s_name="Estra" />
    <Record n_id="251" s_name="Linda" />
    <Record n_id="252" s_name="Godly" />
    <Record n_id="253" s_name="Eliot" />
    <Record n_id="254" s_name="Lucia" />
    <Record n_id="255" s_name="Oscar" />
    <Record n_id="256" s_name="Glenn" />
    <Record n_id="257" s_name="Helen" />
    <Record n_id="258" s_name="Pearl" />
    <Record n_id="259" s_name="Talia" />
    <Record n_id="260" s_name="Regal" />
    <Record n_id="261" s_name="Tanya" />
    <Record n_id="262" s_name="Uriah" />
    <Record n_id="263" s_name="Wyatt" />
    <Record n_id="264" s_name="Logan" />
    <Record n_id="265" s_name="Daley" />
    <Record n_id="266" s_name="Darcy" />
    <Record n_id="267" s_name="Edana" />
    <Record n_id="268" s_name="Frida" />
    <Record n_id="269" s_name="Tatum" />
    <Record n_id="270" s_name="Ruler" />
    <Record n_id="271" s_name="Sadie" />
    <Record n_id="272" s_name="Maria" />
    <Record n_id="273" s_name="Becky" />
    <Record n_id="274" s_name="April" />
    <Record n_id="275" s_name="Grain" />
    <Record n_id="276" s_name="Zelda" />
    <Record n_id="277" s_name="Belle" />
    <Record n_id="278" s_name="Erwin" />
    <Record n_id="279" s_name="Orson" />
    <Record n_id="280" s_name="Erika" />
    <Record n_id="281" s_name="Jesse" />
    <Record n_id="282" s_name="Guide" />
    <Record n_id="283" s_name="Chief" />
    <Record n_id="284" s_name="Edwin" />
    <Record n_id="285" s_name="Rhoda" />
    <Record n_id="286" s_name="Tammy" />
    <Record n_id="287" s_name="Holly" />
    <Record n_id="288" s_name="Kerry" />
    <Record n_id="289" s_name="Harry" />
    <Record n_id="290" s_name="Wilda" />
    <Record n_id="291" s_name="Kevin" />
    <Record n_id="292" s_name="Meris" />
    <Record n_id="293" s_name="Gilda" />
    <Record n_id="294" s_name="Keely" />
    <Record n_id="295" s_name="Jewel" />
    <Record n_id="296" s_name="Hetty" />
    <Record n_id="297" s_name="Alina" />
    <Record n_id="298" s_name="Megan" />
    <Record n_id="299" s_name="Merle" />
    <Record n_id="300" s_name="Maura" />
    <Record n_id="301" s_name="Aimee" />
    <Record n_id="302" s_name="Small" />
    <Record n_id="303" s_name="Sally" />
    <Record n_id="304" s_name="Peter" />
    <Record n_id="305" s_name="Vania" />
    <Record n_id="306" s_name="Great" />
    <Record n_id="307" s_name="Grace" />
    <Record n_id="308" s_name="Kathy" />
    <Record n_id="309" s_name="Edith" />
    <Record n_id="310" s_name="Lilah" />
    <Record n_id="311" s_name="Louis" />
    <Record n_id="312" s_name="Lilly" />
    <Record n_id="313" s_name="Elsie" />
    <Record n_id="314" s_name="Willa" />
    <Record n_id="315" s_name="Renee" />
    <Record n_id="316" s_name="Myrrh" />
    <Record n_id="317" s_name="Fiery" />
    <Record n_id="318" s_name="Emery" />
    <Record n_id="319" s_name="Tower" />
    <Record n_id="320" s_name="Karen" />
    <Record n_id="321" s_name="Leith" />
    <Record n_id="322" s_name="Giles" />
    <Record n_id="323" s_name="Titus" />
    <Record n_id="324" s_name="Small" />
    <Record n_id="325" s_name="Lacey" />
    <Record n_id="326" s_name="Royal" />
    <Record n_id="327" s_name="Mercy" />
    <Record n_id="328" s_name="Perry" />
    <Record n_id="329" s_name="Bella" />
    <Record n_id="330" s_name="Blind" />
    <Record n_id="331" s_name="Valda" />
    <Record n_id="332" s_name="Ethan" />
    <Record n_id="333" s_name="Kayla" />
    <Record n_id="334" s_name="Ivory" />
    <Record n_id="335" s_name="Derek" />
    <Record n_id="336" s_name="Eliza" />
    <Record n_id="337" s_name="Errol" />
    <Record n_id="338" s_name="Wanda" />
    <Record n_id="339" s_name="Scott" />
    <Record n_id="340" s_name="Ethen" />
    <Record n_id="341" s_name="Felix" />
    <Record n_id="342" s_name="Lucas" />
    <Record n_id="343" s_name="Light" />
    <Record n_id="344" s_name="Agnes" />
    <Record n_id="345" s_name="Elise" />
    <Record n_id="346" s_name="Keene" />
    <Record n_id="347" s_name="Eddie" />
    <Record n_id="348" s_name="Grant" />
    <Record n_id="349" s_name="Doris" />
    <Record n_id="350" s_name="Molly" />
    <Record n_id="351" s_name="Jacob" />
    <Record n_id="352" s_name="Irvin" />
    <Record n_id="353" s_name="Jason" />
    <Record n_id="354" s_name="Lloyd" />
    <Record n_id="355" s_name="Udele" />
    <Record n_id="356" s_name="Peace" />
    <Record n_id="357" s_name="Black" />
    <Record n_id="358" s_name="Pansy" />
    <Record n_id="359" s_name="Kirby" />
    <Record n_id="360" s_name="Bound" />
    <Record n_id="361" s_name="Thora" />
    <Record n_id="362" s_name="Julia" />
    <Record n_id="363" s_name="Alice" />
    <Record n_id="364" s_name="Mabel" />
    <Record n_id="365" s_name="Mavis" />
    <Record n_id="366" s_name="Frank" />
    <Record n_id="367" s_name="Simon" />
    <Record n_id="368" s_name="Floyd" />
    <Record n_id="369" s_name="Amber" />
    <Record n_id="370" s_name="Rhett" />
    <Record n_id="371" s_name="Great" />
    <Record n_id="372" s_name="Gavin" />
    <Record n_id="373" s_name="Shana" />
    <Record n_id="374" s_name="Diana" />
    <Record n_id="375" s_name="Quinn" />
    <Record n_id="376" s_name="Davin" />
    <Record n_id="377" s_name="Peggy" />
    <Record n_id="378" s_name="White" />
    <Record n_id="379" s_name="David" />
    <Record n_id="380" s_name="Swift" />
    <Record n_id="381" s_name="Livia" />
    <Record n_id="382" s_name="Moira" />
    <Record n_id="383" s_name="Julie" />
    <Record n_id="384" s_name="Edgar" />
    <Record n_id="385" s_name="Briana" />
    <Record n_id="386" s_name="Weaver" />
    <Record n_id="387" s_name="Eunice" />
    <Record n_id="388" s_name="Arleen" />
    <Record n_id="389" s_name="Leslie" />
    <Record n_id="390" s_name="Eileen" />
    <Record n_id="391" s_name="Strong" />
    <Record n_id="392" s_name="Edwina" />
    <Record n_id="393" s_name="Maxine" />
    <Record n_id="394" s_name="Ridley" />
    <Record n_id="395" s_name="Maisie" />
    <Record n_id="396" s_name="Elijah" />
    <Record n_id="397" s_name="Ronald" />
    <Record n_id="398" s_name="Dwayne" />
    <Record n_id="399" s_name="Wesley" />
    <Record n_id="400" s_name="Divine" />
    <Record n_id="401" s_name="Murray" />
    <Record n_id="402" s_name="Trista" />
    <Record n_id="403" s_name="Lolita" />
    <Record n_id="404" s_name="Farrah" />
    <Record n_id="405" s_name="Andrea" />
    <Record n_id="406" s_name="Hadden" />
    <Record n_id="407" s_name="Morgan" />
    <Record n_id="408" s_name="Blythe" />
    <Record n_id="409" s_name="Bonnie" />
    <Record n_id="410" s_name="Gentle" />
    <Record n_id="411" s_name="Regina" />
    <Record n_id="412" s_name="Seaman" />
    <Record n_id="413" s_name="Landon" />
    <Record n_id="414" s_name="Honour" />
    <Record n_id="415" s_name="Maggie" />
    <Record n_id="416" s_name="Olivia" />
    <Record n_id="417" s_name="Esmond" />
    <Record n_id="418" s_name="Fergus" />
    <Record n_id="419" s_name="Church" />
    <Record n_id="420" s_name="Harley" />
    <Record n_id="421" s_name="Falcon" />
    <Record n_id="422" s_name="Veleda" />
    <Record n_id="423" s_name="Jeremy" />
    <Record n_id="424" s_name="Truman" />
    <Record n_id="425" s_name="Bobbie" />
    <Record n_id="426" s_name="Durwin" />
    <Record n_id="427" s_name="Sirena" />
    <Record n_id="428" s_name="Yvette" />
    <Record n_id="429" s_name="Harris" />
    <Record n_id="430" s_name="Graham" />
    <Record n_id="431" s_name="Bertha" />
    <Record n_id="432" s_name="Quimby" />
    <Record n_id="433" s_name="Eldwin" />
    <Record n_id="434" s_name="Rodney" />
    <Record n_id="435" s_name="Lorena" />
    <Record n_id="436" s_name="Louise" />
    <Record n_id="437" s_name="Gerald" />
    <Record n_id="438" s_name="Renata" />
    <Record n_id="439" s_name="Halden" />
    <Record n_id="440" s_name="Halsey" />
    <Record n_id="441" s_name="Marcia" />
    <Record n_id="442" s_name="United" />
    <Record n_id="443" s_name="Marlon" />
    <Record n_id="444" s_name="Maddox" />
    <Record n_id="445" s_name="Medwin" />
    <Record n_id="446" s_name="Serene" />
    <Record n_id="447" s_name="Emmett" />
    <Record n_id="448" s_name="Quenby" />
    <Record n_id="449" s_name="Alanna" />
    <Record n_id="450" s_name="Norine" />
    <Record n_id="451" s_name="Robert" />
    <Record n_id="452" s_name="Hannah" />
    <Record n_id="453" s_name="Kilian" />
    <Record n_id="454" s_name="Evelyn" />
    <Record n_id="455" s_name="Keegan" />
    <Record n_id="456" s_name="Samson" />
    <Record n_id="457" s_name="Rachel" />
    <Record n_id="458" s_name="Kelsey" />
    <Record n_id="459" s_name="Stream" />
    <Record n_id="460" s_name="Female" />
    <Record n_id="461" s_name="Meadow" />
    <Record n_id="462" s_name="Anthea" />
    <Record n_id="463" s_name="Judith" />
    <Record n_id="464" s_name="Vivian" />
    <Record n_id="465" s_name="Salena" />
    <Record n_id="466" s_name="Harold" />
    <Record n_id="467" s_name="Humble" />
    <Record n_id="468" s_name="Hattie" />
    <Record n_id="469" s_name="Foster" />
    <Record n_id="470" s_name="Serena" />
    <Record n_id="471" s_name="Hayley" />
    <Record n_id="472" s_name="Marcus" />
    <Record n_id="473" s_name="Rowena" />
    <Record n_id="474" s_name="Muriel" />
    <Record n_id="475" s_name="Lawyer" />
    <Record n_id="476" s_name="Fenton" />
    <Record n_id="477" s_name="Karena" />
    <Record n_id="478" s_name="Salome" />
    <Record n_id="479" s_name="Pamela" />
    <Record n_id="480" s_name="Ariana" />
    <Record n_id="481" s_name="Irving" />
    <Record n_id="482" s_name="Samuel" />
    <Record n_id="483" s_name="Edward" />
    <Record n_id="484" s_name="Martin" />
    <Record n_id="485" s_name="Ramona" />
    <Record n_id="486" s_name="Egbert" />
    <Record n_id="487" s_name="Oswald" />
    <Record n_id="488" s_name="Eloise" />
    <Record n_id="489" s_name="Leslie" />
    <Record n_id="490" s_name="Ramsey" />
    <Record n_id="491" s_name="Fabian" />
    <Record n_id="492" s_name="Vandal" />
    <Record n_id="493" s_name="Garret" />
    <Record n_id="494" s_name="Winona" />
    <Record n_id="495" s_name="Sloane" />
    <Record n_id="496" s_name="Dragon" />
    <Record n_id="497" s_name="Island" />
    <Record n_id="498" s_name="Grover" />
    <Record n_id="499" s_name="Louisa" />
    <Record n_id="500" s_name="Norman" />
    <Record n_id="501" s_name="Sibley" />
    <Record n_id="502" s_name="Bright" />
    <Record n_id="503" s_name="Odette" />
    <Record n_id="504" s_name="Questa" />
    <Record n_id="505" s_name="Gideon" />
    <Record n_id="506" s_name="Lester" />
    <Record n_id="507" s_name="Declan" />
    <Record n_id="508" s_name="Merlin" />
    <Record n_id="509" s_name="Famous" />
    <Record n_id="510" s_name="Thomas" />
    <Record n_id="511" s_name="Imogen" />
    <Record n_id="512" s_name="Quenna" />
    <Record n_id="513" s_name="Nicole" />
    <Record n_id="514" s_name="Lamont" />
    <Record n_id="515" s_name="Norris" />
    <Record n_id="516" s_name="Morris" />
    <Record n_id="517" s_name="Mighty" />
    <Record n_id="518" s_name="Magnus" />
    <Record n_id="519" s_name="Selena" />
    <Record n_id="520" s_name="Horace" />
    <Record n_id="521" s_name="Farmer" />
    <Record n_id="522" s_name="Joanna" />
    <Record n_id="523" s_name="Gwynne" />
    <Record n_id="524" s_name="Shamus" />
    <Record n_id="525" s_name="Nimble" />
    <Record n_id="526" s_name="Robust" />
    <Record n_id="527" s_name="Angela" />
    <Record n_id="528" s_name="Dudley" />
    <Record n_id="529" s_name="Earthy" />
    <Record n_id="530" s_name="George" />
    <Record n_id="531" s_name="Jeanne" />
    <Record n_id="532" s_name="Jerome" />
    <Record n_id="533" s_name="Harlan" />
    <Record n_id="534" s_name="Alison" />
    <Record n_id="535" s_name="Lovely" />
    <Record n_id="536" s_name="Fedora" />
    <Record n_id="537" s_name="Darell" />
    <Record n_id="538" s_name="Hector" />
    <Record n_id="539" s_name="Quinby" />
    <Record n_id="540" s_name="Elvira" />
    <Record n_id="541" s_name="Sandra" />
    <Record n_id="542" s_name="Juliet" />
    <Record n_id="543" s_name="Fourth" />
    <Record n_id="544" s_name="Jarvis" />
    <Record n_id="545" s_name="Dennis" />
    <Record n_id="546" s_name="Nerita" />
    <Record n_id="547" s_name="Morton" />
    <Record n_id="548" s_name="Dexter" />
    <Record n_id="549" s_name="Idelle" />
    <Record n_id="550" s_name="Marvin" />
    <Record n_id="551" s_name="Hamlin" />
    <Record n_id="552" s_name="Howard" />
    <Record n_id="553" s_name="Beauty" />
    <Record n_id="554" s_name="Nadine" />
    <Record n_id="555" s_name="Hadwin" />
    <Record n_id="556" s_name="Nathan" />
    <Record n_id="557" s_name="Ferris" />
    <Record n_id="558" s_name="Jessie" />
    <Record n_id="559" s_name="Kiefer" />
    <Record n_id="560" s_name="Tobias" />
    <Record n_id="561" s_name="Keaton" />
    <Record n_id="562" s_name="Yvonne" />
    <Record n_id="563" s_name="Agatha" />
    <Record n_id="564" s_name="Rupert" />
    <Record n_id="565" s_name="Forest" />
    <Record n_id="566" s_name="Forbes" />
    <Record n_id="567" s_name="Peyton" />
    <Record n_id="568" s_name="Vigour" />
    <Record n_id="569" s_name="Dalton" />
    <Record n_id="570" s_name="Dwight" />
    <Record n_id="571" s_name="Duncan" />
    <Record n_id="572" s_name="Trevor" />
    <Record n_id="573" s_name="Kenyon" />
    <Record n_id="574" s_name="Gerard" />
    <Record n_id="575" s_name="Melody" />
    <Record n_id="576" s_name="Famous" />
    <Record n_id="577" s_name="Efrain" />
    <Record n_id="578" s_name="Sorrow" />
    <Record n_id="579" s_name="Pretty" />
    <Record n_id="580" s_name="Noelle" />
    <Record n_id="581" s_name="Selene" />
    <Record n_id="582" s_name="Gloria" />
    <Record n_id="583" s_name="Brenda" />
    <Record n_id="584" s_name="Daphne" />
    <Record n_id="585" s_name="Davida" />
    <Record n_id="586" s_name="Phoebe" />
    <Record n_id="587" s_name="Amanda" />
    <Record n_id="588" s_name="Lyndon" />
    <Record n_id="589" s_name="Dillon" />
    <Record n_id="590" s_name="Edmond" />
    <Record n_id="591" s_name="Thalia" />
    <Record n_id="592" s_name="Finbar" />
    <Record n_id="593" s_name="Stuart" />
    <Record n_id="594" s_name="Ursula" />
    <Record n_id="595" s_name="Archer" />
    <Record n_id="596" s_name="Lowell" />
    <Record n_id="597" s_name="Eudora" />
    <Record n_id="598" s_name="Gerret" />
    <Record n_id="599" s_name="Lizzie" />
    <Record n_id="600" s_name="Luther" />
    <Record n_id="601" s_name="Kingly" />
    <Record n_id="602" s_name="Kelsey" />
    <Record n_id="603" s_name="Violet" />
    <Record n_id="604" s_name="Jasper" />
    <Record n_id="605" s_name="Galvin" />
    <Record n_id="606" s_name="Fergal" />
    <Record n_id="607" s_name="Monica" />
    <Record n_id="608" s_name="Konrad" />
    <Record n_id="609" s_name="Simona" />
    <Record n_id="610" s_name="Melvin" />
    <Record n_id="611" s_name="Kendra" />
    <Record n_id="612" s_name="Monroe" />
    <Record n_id="613" s_name="Miriam" />
    <Record n_id="614" s_name="Landry" />
    <Record n_id="615" s_name="Flower" />
    <Record n_id="616" s_name="Thelma" />
    <Record n_id="617" s_name="Warren" />
    <Record n_id="618" s_name="Teresa" />
    <Record n_id="619" s_name="Harley" />
    <Record n_id="620" s_name="Aileen" />
    <Record n_id="621" s_name="Sheila" />
    <Record n_id="622" s_name="Denise" />
    <Record n_id="623" s_name="Eugene" />
    <Record n_id="624" s_name="Larina" />
    <Record n_id="625" s_name="Brigid" />
    <Record n_id="626" s_name="Denley" />
    <Record n_id="627" s_name="Maiden" />
    <Record n_id="628" s_name="Ingrid" />
    <Record n_id="629" s_name="Dermot" />
    <Record n_id="630" s_name="Martha" />
    <Record n_id="631" s_name="Philip" />
    <Record n_id="632" s_name="Gladys" />
    <Record n_id="633" s_name="Lauren" />
    <Record n_id="634" s_name="Laurel" />
    <Record n_id="635" s_name="Gaiety" />
    <Record n_id="636" s_name="Isaiah" />
    <Record n_id="637" s_name="Silver" />
    <Record n_id="638" s_name="Lively" />
    <Record n_id="639" s_name="Kelvin" />
    <Record n_id="640" s_name="Edmund" />
    <Record n_id="641" s_name="Meadow" />
    <Record n_id="642" s_name="Willis" />
    <Record n_id="643" s_name="Godwin" />
    <Record n_id="644" s_name="Morgan" />
    <Record n_id="645" s_name="Wilbur" />
    <Record n_id="646" s_name="Gilroy" />
    <Record n_id="647" s_name="Ellery" />
    <Record n_id="648" s_name="Myrtle" />
    <Record n_id="649" s_name="Nursing" />
    <Record n_id="650" s_name="Fleming" />
    <Record n_id="651" s_name="Prudent" />
    <Record n_id="652" s_name="Abigail" />
    <Record n_id="653" s_name="Deirdre" />
    <Record n_id="654" s_name="Silvery" />
    <Record n_id="655" s_name="Justine" />
    <Record n_id="656" s_name="William" />
    <Record n_id="657" s_name="Shannon" />
    <Record n_id="658" s_name="Moorish" />
    <Record n_id="659" s_name="Elliott" />
    <Record n_id="660" s_name="Dutiful" />
    <Record n_id="661" s_name="Lindsay" />
    <Record n_id="662" s_name="Luciana" />
    <Record n_id="663" s_name="Linette" />
    <Record n_id="664" s_name="Jeffrey" />
    <Record n_id="665" s_name="Garrick" />
    <Record n_id="666" s_name="Bettina" />
    <Record n_id="667" s_name="Blanche" />
    <Record n_id="668" s_name="Alarice" />
    <Record n_id="669" s_name="Maureen" />
    <Record n_id="670" s_name="Glynnis" />
    <Record n_id="671" s_name="Rosanne" />
    <Record n_id="672" s_name="Thunder" />
    <Record n_id="673" s_name="Bernice" />
    <Record n_id="674" s_name="Perfect" />
    <Record n_id="675" s_name="Bethany" />
    <Record n_id="676" s_name="Tiffany" />
    <Record n_id="677" s_name="Mildred" />
    <Record n_id="678" s_name="Valiant" />
    <Record n_id="679" s_name="Georgia" />
    <Record n_id="680" s_name="Strange" />
    <Record n_id="681" s_name="Heather" />
    <Record n_id="682" s_name="Warlike" />
    <Record n_id="683" s_name="Raymond" />
    <Record n_id="684" s_name="Milburn" />
    <Record n_id="685" s_name="Estelle" />
    <Record n_id="686" s_name="Zachary" />
    <Record n_id="687" s_name="Bertina" />
    <Record n_id="688" s_name="Tabitha" />
    <Record n_id="689" s_name="Leonard" />
    <Record n_id="690" s_name="Barbara" />
    <Record n_id="691" s_name="Frances" />
    <Record n_id="692" s_name="Quinlan" />
    <Record n_id="693" s_name="Katrina" />
    <Record n_id="694" s_name="Heroine" />
    <Record n_id="695" s_name="Amiable" />
    <Record n_id="696" s_name="Eleanor" />
    <Record n_id="697" s_name="Kimball" />
    <Record n_id="698" s_name="Valerie" />
    <Record n_id="699" s_name="Travers" />
    <Record n_id="700" s_name="Exalted" />
    <Record n_id="701" s_name="Roswell" />
    <Record n_id="702" s_name="Octavia" />
    <Record n_id="703" s_name="Torrent" />
    <Record n_id="704" s_name="Richard" />
    <Record n_id="705" s_name="Larissa" />
    <Record n_id="706" s_name="Lombard" />
    <Record n_id="707" s_name="Rebecca" />
    <Record n_id="708" s_name="Frasier" />
    <Record n_id="709" s_name="Halbert" />
    <Record n_id="710" s_name="Hartley" />
    <Record n_id="711" s_name="Beloved" />
    <Record n_id="712" s_name="Edeline" />
    <Record n_id="713" s_name="Martina" />
    <Record n_id="714" s_name="Desired" />
    <Record n_id="715" s_name="Sigmund" />
    <Record n_id="716" s_name="Quillan" />
    <Record n_id="717" s_name="Gregory" />
    <Record n_id="718" s_name="Maurice" />
    <Record n_id="719" s_name="Vaughan" />
    <Record n_id="720" s_name="Blessed" />
    <Record n_id="721" s_name="Freeman" />
    <Record n_id="722" s_name="Delight" />
    <Record n_id="723" s_name="Mariner" />
    <Record n_id="724" s_name="Jasmine" />
    <Record n_id="725" s_name="Essence" />
    <Record n_id="726" s_name="Sherard" />
    <Record n_id="727" s_name="Roberta" />
    <Record n_id="728" s_name="Sherwin" />
    <Record n_id="729" s_name="Tuesday" />
    <Record n_id="730" s_name="Lambert" />
    <Record n_id="731" s_name="Kenneth" />
    <Record n_id="732" s_name="Jocelyn" />
    <Record n_id="733" s_name="Marissa" />
    <Record n_id="734" s_name="Kirsten" />
    <Record n_id="735" s_name="Douglas" />
    <Record n_id="736" s_name="Matilda" />
    <Record n_id="737" s_name="Beverly" />
    <Record n_id="738" s_name="Serpent" />
    <Record n_id="739" s_name="Wealthy" />
    <Record n_id="740" s_name="Beloved" />
    <Record n_id="741" s_name="Harland" />
    <Record n_id="742" s_name="Francis" />
    <Record n_id="743" s_name="Lorelei" />
    <Record n_id="744" s_name="Bridget" />
    <Record n_id="745" s_name="Miranda" />
    <Record n_id="746" s_name="Steward" />
    <Record n_id="747" s_name="Fairfax" />
    <Record n_id="748" s_name="Stanley" />
    <Record n_id="749" s_name="Melvina" />
    <Record n_id="750" s_name="Quentin" />
    <Record n_id="751" s_name="Imogene" />
    <Record n_id="752" s_name="Minerva" />
    <Record n_id="753" s_name="Melinda" />
    <Record n_id="754" s_name="Goddard" />
    <Record n_id="755" s_name="Delilah" />
    <Record n_id="756" s_name="Gresham" />
    <Record n_id="757" s_name="Gifford" />
    <Record n_id="758" s_name="Healthy" />
    <Record n_id="759" s_name="Matthew" />
    <Record n_id="760" s_name="Maxwell" />
    <Record n_id="761" s_name="Gilbert" />
    <Record n_id="762" s_name="Servant" />
    <Record n_id="763" s_name="Phineas" />
    <Record n_id="764" s_name="Helpful" />
    <Record n_id="765" s_name="Sabrina" />
    <Record n_id="766" s_name="Eugenia" />
    <Record n_id="767" s_name="Shelley" />
    <Record n_id="768" s_name="Lillian" />
    <Record n_id="769" s_name="Warrior" />
    <Record n_id="770" s_name="Rosalie" />
    <Record n_id="771" s_name="Felicia" />
    <Record n_id="772" s_name="Tristan" />
    <Record n_id="773" s_name="Gabriel" />
    <Record n_id="774" s_name="Shining" />
    <Record n_id="775" s_name="Britney" />
    <Record n_id="776" s_name="Jillian" />
    <Record n_id="777" s_name="Phyllis" />
    <Record n_id="778" s_name="Renfred" />
    <Record n_id="779" s_name="Kirstyn" />
    <Record n_id="780" s_name="Malcolm" />
    <Record n_id="781" s_name="Falkner" />
    <Record n_id="782" s_name="Juliana" />
    <Record n_id="783" s_name="Cunning" />
    <Record n_id="784" s_name="Gardner" />
    <Record n_id="785" s_name="Vincent" />
    <Record n_id="786" s_name="Belinda" />
    <Record n_id="787" s_name="Sparrow" />
    <Record n_id="788" s_name="Winston" />
    <Record n_id="789" s_name="Annette" />
    <Record n_id="790" s_name="Timothy" />
    <Record n_id="791" s_name="Laverna" />
    <Record n_id="792" s_name="Harriet" />
    <Record n_id="793" s_name="Yolanda" />
    <Record n_id="794" s_name="Warlike" />
    <Record n_id="795" s_name="Lincoln" />
    <Record n_id="796" s_name="Wealthy" />
    <Record n_id="797" s_name="Stephen" />
    <Record n_id="798" s_name="Fighter" />
    <Record n_id="799" s_name="Desmond" />
    <Record n_id="800" s_name="Warrior" />
    <Record n_id="801" s_name="Grayson" />
    <Record n_id="802" s_name="Lucille" />
    <Record n_id="803" s_name="Soldier" />
    <Record n_id="804" s_name="Gillian" />
    <Record n_id="805" s_name="Marilyn" />
    <Record n_id="806" s_name="Roxanne" />
    <Record n_id="807" s_name="Darlene" />
    <Record n_id="808" s_name="Kendall" />
    <Record n_id="809" s_name="Neville" />
    <Record n_id="810" s_name="Melissa" />
    <Record n_id="811" s_name="Michael" />
    <Record n_id="812" s_name="Erskine" />
    <Record n_id="813" s_name="Shirley" />
    <Record n_id="814" s_name="Emerson" />
    <Record n_id="815" s_name="Everett" />
    <Record n_id="816" s_name="Queenly" />
    <Record n_id="817" s_name="Wallace" />
    <Record n_id="818" s_name="Beatrix" />
    <Record n_id="819" s_name="Veronica" />
    <Record n_id="820" s_name="Precious" />
    <Record n_id="821" s_name="Jonathan" />
    <Record n_id="822" s_name="Solitary" />
    <Record n_id="823" s_name="Harrison" />
    <Record n_id="824" s_name="Orlantha" />
    <Record n_id="825" s_name="Sunshine" />
    <Record n_id="826" s_name="Majestic" />
    <Record n_id="827" s_name="Beatrice" />
    <Record n_id="828" s_name="Fletcher" />
    <Record n_id="829" s_name="Prudence" />
    <Record n_id="830" s_name="Grateful" />
    <Record n_id="831" s_name="Brittany" />
    <Record n_id="832" s_name="Gardener" />
    <Record n_id="833" s_name="Sinclair" />
    <Record n_id="834" s_name="Spirited" />
    <Record n_id="835" s_name="Princess" />
    <Record n_id="836" s_name="God-like" />
    <Record n_id="837" s_name="Blooming" />
    <Record n_id="838" s_name="Madeline" />
    <Record n_id="839" s_name="Stranger" />
    <Record n_id="840" s_name="Cheerful" />
    <Record n_id="841" s_name="Winifred" />
    <Record n_id="842" s_name="Virginia" />
    <Record n_id="843" s_name="Rosemary" />
    <Record n_id="844" s_name="Kathleen" />
    <Record n_id="845" s_name="Searcher" />
    <Record n_id="846" s_name="Gardener" />
    <Record n_id="847" s_name="Prunella" />
    <Record n_id="848" s_name="Champion" />
    <Record n_id="849" s_name="Penelope" />
    <Record n_id="850" s_name="Sherlock" />
    <Record n_id="851" s_name="Sapphire" />
    <Record n_id="852" s_name="Philippa" />
    <Record n_id="853" s_name="Kingsley" />
    <Record n_id="854" s_name="Primrose" />
    <Record n_id="855" s_name="Graceful" />
    <Record n_id="856" s_name="Angelica" />
    <Record n_id="857" s_name="Victoria" />
    <Record n_id="858" s_name="Danielle" />
    <Record n_id="859" s_name="Patricia" />
    <Record n_id="860" s_name="Laurence" />
    <Record n_id="861" s_name="Gertrude" />
    <Record n_id="862" s_name="Margaret" />
    <Record n_id="863" s_name="Paulette" />
    <Record n_id="864" s_name="Patience" />
    <Record n_id="865" s_name="Peaceful" />
    <Record n_id="866" s_name="Glorious" />
    <Record n_id="867" s_name="Adelaide" />
    <Record n_id="868" s_name="Rosalind" />
    <Record n_id="869" s_name="Lorraine" />
    <Record n_id="870" s_name="Willette" />
    <Record n_id="871" s_name="Guardian" />
    <Record n_id="872" s_name="Youthful" />
    <Record n_id="873" s_name="Germaine" />
    <Record n_id="874" s_name="Ferguson" />
    <Record n_id="875" s_name="Norseman" />
    <Record n_id="876" s_name="Driscoll" />
    <Record n_id="877" s_name="Woodsman" />
    <Record n_id="878" s_name="Melville" />
    <Record n_id="879" s_name="Immortal" />
    <Record n_id="880" s_name="Kayleigh" />
    <Record n_id="881" s_name="Scarlett" />
    <Record n_id="882" s_name="Constant" />
    <Record n_id="883" s_name="Adrienne" />
    <Record n_id="884" s_name="Wanderer" />
    <Record n_id="885" s_name="Griswold" />
    <Record n_id="886" s_name="Zebediah" />
    <Record n_id="887" s_name="Hortense" />
    <Record n_id="888" s_name="Sterling" />
    <Record n_id="889" s_name="Cheerful" />
    <Record n_id="890" s_name="Nobleman" />
    <Record n_id="891" s_name="Vivianne" />
    <Record n_id="892" s_name="Griswald" />
    <Record n_id="893" s_name="Philbert" />
    <Record n_id="894" s_name="Virtuous" />
    <Record n_id="895" s_name="Sheridan" />
    <Record n_id="896" s_name="Mountain" />
    <Record n_id="897" s_name="Jeremiah" />
    <Record n_id="898" s_name="Ebenezer" />
    <Record n_id="899" s_name="Laughter" />
    <Record n_id="900" s_name="Quinella" />
    <Record n_id="901" s_name="Theobold" />
    <Record n_id="902" s_name="Zebadiah" />
    <Record n_id="903" s_name="Luminous" />
    <Record n_id="904" s_name="Winthrop" />
    <Record n_id="905" s_name="Nathania" />
    <Record n_id="906" s_name="Dominica" />
    <Record n_id="907" s_name="Listener" />
    <Record n_id="908" s_name="Drucilla" />
    <Record n_id="909" s_name="Faithful" />
    <Record n_id="910" s_name="Kendrick" />
    <Record n_id="911" s_name="Pleasure" />
    <Record n_id="912" s_name="Lancelot" />
    <Record n_id="913" s_name="Montague" />
    <Record n_id="914" s_name="Handsome" />
    <Record n_id="915" s_name="Emmanuel" />
    <Record n_id="916" s_name="Theodora" />
    <Record n_id="917" s_name="Gemstone" />
    <Record n_id="918" s_name="季娇" />
    <Record n_id="919" s_name="推倒小师妹" />
    <Record n_id="920" s_name="桂圆莲子" />
    <Record n_id="921" s_name="星夜月" />
    <Record n_id="922" s_name="Kz" />
    <Record n_id="923" s_name="亦零" />
    <Record n_id="924" s_name="辰丶小豪" />
    <Record n_id="925" s_name="丶她不懂忄灬" />
    <Record n_id="926" s_name="星空凛i" />
    <Record n_id="927" s_name="江城" />
    <Record n_id="928" s_name="妹里" />
    <Record n_id="929" s_name="麁霊淕" />
    <Record n_id="930" s_name="应昌" />
    <Record n_id="931" s_name="腾空慕" />
    <Record n_id="932" s_name="Thrall" />
    <Record n_id="933" s_name="童宗" />
    <Record n_id="934" s_name="神乄殇" />
    <Record n_id="935" s_name="竺倚" />
    <Record n_id="936" s_name="YGame丶苏月" />
    <Record n_id="937" s_name="ShoW丶小邱" />
    <Record n_id="938" s_name="无殇" />
    <Record n_id="939" s_name="苍子衿" />
    <Record n_id="940" s_name="董卓小蛮腰" />
    <Record n_id="941" s_name="逸潇潇" />
    <Record n_id="942" s_name="王轻寒" />
    <Record n_id="943" s_name="五杀我来了" />
    <Record n_id="944" s_name="七日霜飞" />
    <Record n_id="945" s_name="楠山楠" />
    <Record n_id="946" s_name="奈何未相随" />
    <Record n_id="947" s_name="茨木童子" />
    <Record n_id="948" s_name="牟倚云" />
    <Record n_id="949" s_name="董超神" />
    <Record n_id="950" s_name="杜彩" />
    <Record n_id="951" s_name="善解人衣" />
    <Record n_id="952" s_name="这已经不重要" />
    <Record n_id="953" s_name="宇文乐知" />
    <Record n_id="954" s_name="丁琴" />
    <Record n_id="955" s_name="蜀灬伟哥" />
    <Record n_id="956" s_name="逼哥" />
    <Record n_id="957" s_name="丿逍灬遥" />
    <Record n_id="958" s_name="阳春白雪" />
    <Record n_id="959" s_name="嘿兄弟在这呢" />
    <Record n_id="960" s_name="平安阿福" />
    <Record n_id="961" s_name="一神带四狗" />
    <Record n_id="962" s_name="张公子" />
    <Record n_id="963" s_name="烟欲" />
    <Record n_id="964" s_name="东方流枫" />
    <Record n_id="965" s_name="相见恨晚" />
    <Record n_id="966" s_name="北辰不沉" />
    <Record n_id="967" s_name="纪泠月" />
    <Record n_id="968" s_name="宇智波鸣人" />
    <Record n_id="969" s_name="郗宾" />
    <Record n_id="970" s_name="男人必须骚" />
    <Record n_id="971" s_name="爱爱爱" />
    <Record n_id="972" s_name="大胖七" />
    <Record n_id="973" s_name="咫尺天涯丶" />
    <Record n_id="974" s_name="元辅" />
    <Record n_id="975" s_name="染血" />
    <Record n_id="976" s_name="狂歌" />
    <Record n_id="977" s_name="地府丶血斥" />
    <Record n_id="978" s_name="SKY丶帝皇" />
    <Record n_id="979" s_name="獨角戲" />
    <Record n_id="980" s_name="池瑛" />
    <Record n_id="981" s_name="dudu" />
    <Record n_id="982" s_name="蜀灬猫骨" />
    <Record n_id="983" s_name="潇挽歌" />
    <Record n_id="984" s_name="乱世唯美" />
    <Record n_id="985" s_name="千年小妖" />
    <Record n_id="986" s_name="米神灬青" />
    <Record n_id="987" s_name="还是叫也哥吧" />
    <Record n_id="988" s_name="叶子不孤单" />
    <Record n_id="989" s_name="柒儿" />
    <Record n_id="990" s_name="Siu_dc" />
    <Record n_id="991" s_name="长孙苑" />
    <Record n_id="992" s_name="铅笔" />
    <Record n_id="993" s_name="秦始皇" />
    <Record n_id="994" s_name="荀妤" />
    <Record n_id="995" s_name="头像已违规" />
    <Record n_id="996" s_name="月忻凝霜" />
    <Record n_id="997" s_name="丿Drea丨陌路" />
    <Record n_id="998" s_name="凌孤云" />
    <Record n_id="999" s_name="梦魇天狼" />
    <Record n_id="1000" s_name="颗粒iy" />
    <Record n_id="1001" s_name="柠檬超萌" />
    <Record n_id="1002" s_name="郗墨" />
    <Record n_id="1003" s_name="司徒泠月" />
    <Record n_id="1004" s_name="風神丶刀刀" />
    <Record n_id="1005" s_name="魏菁" />
    <Record n_id="1006" s_name="南仙剑" />
    <Record n_id="1007" s_name="周瑜大人" />
    <Record n_id="1008" s_name="王先森" />
    <Record n_id="1009" s_name="战斗鸡" />
    <Record n_id="1010" s_name="空白丶" />
    <Record n_id="1011" s_name="时悉" />
    <Record n_id="1012" s_name="叫我小花就好" />
    <Record n_id="1013" s_name="未完成的吻" />
    <Record n_id="1014" s_name="师太乛你好美" />
    <Record n_id="1015" s_name="欲刺" />
    <Record n_id="1016" s_name="孟鉴" />
    <Record n_id="1017" s_name="锐萌萌" />
    <Record n_id="1018" s_name="凯凯手游代充" />
    <Record n_id="1019" s_name="微风漫步" />
    <Record n_id="1020" s_name="说时依旧" />
    <Record n_id="1021" s_name="乱世夜灵" />
    <Record n_id="1022" s_name="巫马青澹" />
    <Record n_id="1023" s_name="毕颦" />
    <Record n_id="1024" s_name="鸣人" />
    <Record n_id="1025" s_name="大盘盘" />
    <Record n_id="1026" s_name="Rs晓" />
    <Record n_id="1027" s_name="乱世丶天子" />
    <Record n_id="1028" s_name="元淇" />
    <Record n_id="1029" s_name="我从不乱来" />
    <Record n_id="1030" s_name="划船不靠浆" />
    <Record n_id="1031" s_name="kolapapa" />
    <Record n_id="1032" s_name="苍雨金时" />
    <Record n_id="1033" s_name="Amoヽ晴天" />
    <Record n_id="1034" s_name="吉曼荷" />
    <Record n_id="1035" s_name="蓝云风" />
    <Record n_id="1036" s_name="老婆" />
    <Record n_id="1037" s_name="一块六" />
    <Record n_id="1038" s_name="罗思颜" />
    <Record n_id="1039" s_name="小爱情" />
    <Record n_id="1040" s_name="萌萌萌" />
    <Record n_id="1041" s_name="い心跳的节奏" />
    <Record n_id="1042" s_name="蜀灬万木" />
    <Record n_id="1043" s_name="血羽" />
    <Record n_id="1044" s_name="夹谷凌" />
    <Record n_id="1045" s_name="YGame丶落寞" />
    <Record n_id="1046" s_name="公良灵隐" />
    <Record n_id="1047" s_name="可爱" />
    <Record n_id="1048" s_name="王不留名" />
    <Record n_id="1049" s_name="游戏" />
    <Record n_id="1050" s_name="YGame丶微凉" />
    <Record n_id="1051" s_name="宰父胄" />
    <Record n_id="1052" s_name="lumy" />
    <Record n_id="1053" s_name="YGame丶承诺" />
    <Record n_id="1054" s_name="凉少女灬花貂" />
    <Record n_id="1055" s_name="无敌大冬瓜" />
    <Record n_id="1056" s_name="SuperYD" />
    <Record n_id="1057" s_name="ST丨司洛寒" />
    <Record n_id="1058" s_name="郜霞" />
    <Record n_id="1059" s_name="迪哥哥哥" />
    <Record n_id="1060" s_name="only恋云" />
    <Record n_id="1061" s_name="叫什么才可以" />
    <Record n_id="1062" s_name="bugs" />
    <Record n_id="1063" s_name="robot150" />
    <Record n_id="1064" s_name="0o天道酬勤o0" />
    <Record n_id="1065" s_name="冥丶Flame" />
    <Record n_id="1066" s_name="迷途" />
    <Record n_id="1067" s_name="咸盐儿咸" />
    <Record n_id="1068" s_name="小杨" />
    <Record n_id="1069" s_name="刀眼丨渔政" />
    <Record n_id="1070" s_name="霓潆か十年" />
    <Record n_id="1071" s_name="蝈蝈" />
    <Record n_id="1072" s_name="珟風" />
    <Record n_id="1073" s_name="蜀灬林然" />
    <Record n_id="1074" s_name="丢丢" />
    <Record n_id="1075" s_name="令冷泠" />
    <Record n_id="1076" s_name="九黎" />
    <Record n_id="1077" s_name="时空小布迪" />
    <Record n_id="1078" s_name="中毒的二叔" />
    <Record n_id="1079" s_name="萌音" />
    <Record n_id="1080" s_name="YG_北树凉" />
    <Record n_id="1081" s_name="岑和" />
    <Record n_id="1082" s_name="godlike" />
    <Record n_id="1083" s_name="涂诗璇" />
    <Record n_id="1084" s_name="没米不下锅" />
    <Record n_id="1085" s_name="jaker" />
    <Record n_id="1086" s_name="安珑" />
    <Record n_id="1087" s_name="MeTOo_墨稚" />
    <Record n_id="1088" s_name="樊迁" />
    <Record n_id="1089" s_name="斗鱼TV梦魇" />
    <Record n_id="1090" s_name="乱世丶指间沙" />
    <Record n_id="1091" s_name="乱世丶悠悠" />
    <Record n_id="1092" s_name="ღ萌面大汉丶" />
    <Record n_id="1093" s_name="郁思颜" />
    <Record n_id="1094" s_name="风雪残情" />
    <Record n_id="1095" s_name="绝望" />
    <Record n_id="1096" s_name="晁景" />
    <Record n_id="1097" s_name="春日野穹" />
    <Record n_id="1098" s_name="西门隐" />
    <Record n_id="1099" s_name="郗映枫" />
    <Record n_id="1100" s_name="啊发" />
    <Record n_id="1101" s_name="孤星凡尘" />
    <Record n_id="1102" s_name="闽南浪神" />
    <Record n_id="1103" s_name="savoki" />
    <Record n_id="1104" s_name="酷爱撩妹" />
    <Record n_id="1105" s_name="曹小坑" />
    <Record n_id="1106" s_name="longren" />
    <Record n_id="1107" s_name="老白" />
    <Record n_id="1108" s_name="微笑丶江一" />
    <Record n_id="1109" s_name="数星星的瞎子" />
    <Record n_id="1110" s_name="队友就是猪_" />
    <Record n_id="1111" s_name="第七天" />
    <Record n_id="1112" s_name="河图不出" />
    <Record n_id="1113" s_name="Vi丶慕容" />
    <Record n_id="1114" s_name="TOS丶虔诚" />
    <Record n_id="1115" s_name="大粗黑" />
    <Record n_id="1116" s_name="Dcer丶男神" />
    <Record n_id="1117" s_name="捣蛋刀刀" />
    <Record n_id="1118" s_name="3年2班纠结伦" />
    <Record n_id="1119" s_name="健生" />
    <Record n_id="1120" s_name="痞子涛" />
    <Record n_id="1121" s_name="赵一凡" />
    <Record n_id="1122" s_name="自己爺爺" />
    <Record n_id="1123" s_name="李君" />
    <Record n_id="1124" s_name="简简单单" />
    <Record n_id="1125" s_name="夏荣" />
    <Record n_id="1126" s_name="电脑l困难l" />
    <Record n_id="1127" s_name="乱世丶放纵" />
    <Record n_id="1128" s_name="sungod" />
    <Record n_id="1129" s_name="丿戏子" />
    <Record n_id="1130" s_name="冷魅艹苍悉" />
    <Record n_id="1131" s_name="钦弑" />
    <Record n_id="1132" s_name="巅峰丶果子酱" />
    <Record n_id="1133" s_name="我老公是奕迅" />
    <Record n_id="1134" s_name="love邪尊" />
    <Record n_id="1135" s_name="桑潇" />
    <Record n_id="1136" s_name="乱世丶小宇" />
    <Record n_id="1137" s_name="邵璞" />
    <Record n_id="1138" s_name="小白白" />
    <Record n_id="1139" s_name="君好逑" />
    <Record n_id="1140" s_name="AsherK" />
    <Record n_id="1141" s_name="Magic影子" />
    <Record n_id="1142" s_name="晁殷" />
    <Record n_id="1143" s_name="晁殷111" />
    <Record n_id="1144" s_name="我才是老司机" />
    <Record n_id="1145" s_name="山中顽石" />
    <Record n_id="1146" s_name="小呆子在在" />
    <Record n_id="1147" s_name="异界de王" />
    <Record n_id="1148" s_name="乱世丶璨" />
    <Record n_id="1149" s_name="冰炎" />
    <Record n_id="1150" s_name="傲世丶老恒" />
    <Record n_id="1151" s_name="赵先生" />
    <Record n_id="1152" s_name="激活码" />
    <Record n_id="1153" s_name="國產小學生" />
    <Record n_id="1154" s_name="silent丶王" />
    <Record n_id="1155" s_name="独刑行者" />
    <Record n_id="1156" s_name="SRound" />
    <Record n_id="1157" s_name="纯洁小黄花" />
    <Record n_id="1158" s_name="熊猫TV丶希留" />
    <Record n_id="1159" s_name="闪电球" />
    <Record n_id="1160" s_name="乱世丶雨中尘" />
    <Record n_id="1161" s_name="王者卐" />
    <Record n_id="1162" s_name="逆光" />
    <Record n_id="1163" s_name="YG_骑猪看月" />
    <Record n_id="1164" s_name="LHJ丶巨大" />
    <Record n_id="1165" s_name="HC丶邂逅" />
    <Record n_id="1166" s_name="乔镜" />
    <Record n_id="1167" s_name="小多不坏" />
    <Record n_id="1168" s_name="匿名的好友" />
    <Record n_id="1169" s_name="长孙忆潇" />
    <Record n_id="1170" s_name="梦幻丶冰封" />
    <Record n_id="1171" s_name="剑雨祭" />
    <Record n_id="1172" s_name="菜的抠脚" />
    <Record n_id="1173" s_name="楊" />
    <Record n_id="1174" s_name="灞波尔渀" />
    <Record n_id="1175" s_name="放狼的灰太羊" />
    <Record n_id="1176" s_name="福文" />
    <Record n_id="1177" s_name="卓桢" />
    <Record n_id="1178" s_name="微爱" />
    <Record n_id="1179" s_name="回忆褪色" />
    <Record n_id="1180" s_name="乱世丶小雨" />
    <Record n_id="1181" s_name="乱世丶昼夜" />
    <Record n_id="1182" s_name="塞林木" />
    <Record n_id="1183" s_name="唐宋元明" />
    <Record n_id="1184" s_name="司马廷" />
    <Record n_id="1185" s_name="扶摇直上九万" />
    <Record n_id="1186" s_name="SG丶长风起" />
    <Record n_id="1187" s_name="好无聊" />
    <Record n_id="1188" s_name="Smileぐ哚哚" />
    <Record n_id="1189" s_name="胡契之" />
    <Record n_id="1190" s_name="星辰丶" />
    <Record n_id="1191" s_name="低语丶" />
    <Record n_id="1192" s_name="詹寅" />
    <Record n_id="1193" s_name="耶来虐够" />
    <Record n_id="1194" s_name="葬天" />
    <Record n_id="1195" s_name="王雨涵清" />
    <Record n_id="1196" s_name="谭诚" />
    <Record n_id="1197" s_name="乱世丶星尘" />
    <Record n_id="1198" s_name="凉王" />
    <Record n_id="1199" s_name="张大炮" />
    <Record n_id="1200" s_name="情话暖心" />
    <Record n_id="1201" s_name="少时黑羽" />
    <Record n_id="1202" s_name="乱世丶花少" />
    <Record n_id="1203" s_name="死猴子" />
    <Record n_id="1204" s_name="美才深入骨髓" />
    <Record n_id="1205" s_name="风过水留痕" />
    <Record n_id="1206" s_name="弑丶神" />
    <Record n_id="1207" s_name="青钐依旧i" />
    <Record n_id="1208" s_name="BlueRose" />
    <Record n_id="1209" s_name="乱世丶失格" />
    <Record n_id="1210" s_name="X灬奇迹" />
    <Record n_id="1211" s_name="嘉伦" />
    <Record n_id="1212" s_name="ssoov" />
    <Record n_id="1213" s_name="小鷄啄老鹰" />
    <Record n_id="1214" s_name="巨和森林" />
    <Record n_id="1215" s_name="浮生四世" />
    <Record n_id="1216" s_name="断情笔" />
    <Record n_id="1217" s_name="孤寒一人心" />
    <Record n_id="1218" s_name="尊尸重盜" />
    <Record n_id="1219" s_name="莫暮" />
    <Record n_id="1220" s_name="魏战丶将阿花" />
    <Record n_id="1221" s_name="一个人静静的" />
    <Record n_id="1222" s_name="勿忘我" />
    <Record n_id="1223" s_name="RHT|叫我大王" />
    <Record n_id="1224" s_name="苍白卟撩妹丷" />
    <Record n_id="1225" s_name="YGame丶娇妹" />
    <Record n_id="1226" s_name="YGame丶龙狂" />
    <Record n_id="1227" s_name="乱世丶她说" />
    <Record n_id="1228" s_name="YGame丶苏城" />
    <Record n_id="1229" s_name="吾过人踪灭" />
    <Record n_id="1230" s_name="卧龙丶小豪" />
    <Record n_id="1231" s_name="CღZhihao" />
    <Record n_id="1232" s_name="我是vip呀" />
    <Record n_id="1233" s_name="我输出炸三路" />
    <Record n_id="1234" s_name="碎碎念" />
    <Record n_id="1235" s_name="Father用手机" />
    <Record n_id="1236" s_name="潴霸天" />
    <Record n_id="1237" s_name="寸土寸金" />
    <Record n_id="1238" s_name="至尊王少" />
    <Record n_id="1239" s_name="辰西" />
    <Record n_id="1240" s_name="荣双" />
    <Record n_id="1241" s_name="你五角我五角" />
    <Record n_id="1242" s_name="宇智波鼬HHL" />
    <Record n_id="1243" s_name="小斯宾塞" />
    <Record n_id="1244" s_name="龚熹" />
    <Record n_id="1245" s_name="唐妮" />
    <Record n_id="1246" s_name="詹绯卿" />
    <Record n_id="1247" s_name="大表哥" />
    <Record n_id="1248" s_name="我是来逗比的" />
    <Record n_id="1249" s_name="茗人々烟头" />
    <Record n_id="1250" s_name="momo" />
    <Record n_id="1251" s_name="K_Arthur" />
    <Record n_id="1252" s_name="江契之" />
    <Record n_id="1253" s_name="惠莘" />
    <Record n_id="1254" s_name="尊上" />
    <Record n_id="1255" s_name="稻艹人" />
    <Record n_id="1256" s_name="永恒卡米" />
    <Record n_id="1257" s_name="噬魂ﺴ小沫" />
    <Record n_id="1258" s_name="喵而已" />
    <Record n_id="1259" s_name="mE丶菩提树下" />
    <Record n_id="1260" s_name="默恋" />
    <Record n_id="1261" s_name="龙魂军刺" />
    <Record n_id="1262" s_name="澹台鹤" />
    <Record n_id="1263" s_name="丶枫語過後" />
    <Record n_id="1264" s_name="丰流枫" />
    <Record n_id="1265" s_name="御风之剑" />
    <Record n_id="1266" s_name="喻昭" />
    <Record n_id="1267" s_name="心如止水" />
    <Record n_id="1268" s_name="惊鸿一面" />
    <Record n_id="1269" s_name="闻人如彦" />
    <Record n_id="1270" s_name="我很杀fo" />
    <Record n_id="1271" s_name="乱世丶情七月" />
    <Record n_id="1272" s_name="丨離殇丨" />
    <Record n_id="1273" s_name="啊啦擦擦" />
    <Record n_id="1274" s_name="乱世丶苍穹" />
    <Record n_id="1275" s_name="姜眉" />
    <Record n_id="1276" s_name="蜀灬晴天" />
    <Record n_id="1277" s_name="彳亍者" />
    <Record n_id="1278" s_name="我不会玩" />
    <Record n_id="1279" s_name="席潇" />
    <Record n_id="1280" s_name="馒头" />
    <Record n_id="1281" s_name="蒲方" />
    <Record n_id="1282" s_name="米多" />
    <Record n_id="1283" s_name="巅峰丶旧光" />
    <Record n_id="1284" s_name="夨丶落" />
    <Record n_id="1285" s_name="机智的小名" />
    <Record n_id="1286" s_name="宗政灵隐" />
    <Record n_id="1287" s_name="蜀灬迷茫" />
    <Record n_id="1288" s_name="打我是小三" />
    <Record n_id="1289" s_name="三岁就好牛" />
    <Record n_id="1290" s_name="渴望飞扬" />
    <Record n_id="1291" s_name="残枫CanF" />
    <Record n_id="1292" s_name="魏战丶将青城" />
    <Record n_id="1293" s_name="界丶北岛南屿" />
    <Record n_id="1294" s_name="贝迷" />
    <Record n_id="1295" s_name="风陵渡" />
    <Record n_id="1296" s_name="暴走丶邓紫棋" />
    <Record n_id="1297" s_name="edg" />
    <Record n_id="1298" s_name="典韦" />
    <Record n_id="1299" s_name="郑公鹏先生" />
    <Record n_id="1300" s_name="我叫武斌" />
    <Record n_id="1301" s_name="鲨鱼哥女汉子" />
    <Record n_id="1302" s_name="乱世丶无我" />
    <Record n_id="1303" s_name="山远" />
    <Record n_id="1304" s_name="蜀灬陌风" />
    <Record n_id="1305" s_name="欧阳小鬼" />
    <Record n_id="1306" s_name="乱世丶昔年" />
    <Record n_id="1307" s_name="纳兹" />
    <Record n_id="1308" s_name="Dove" />
    <Record n_id="1309" s_name="lin丷" />
    <Record n_id="1310" s_name="Isco" />
    <Record n_id="1311" s_name="辰北" />
    <Record n_id="1312" s_name="看颩輕雲淡" />
    <Record n_id="1313" s_name="不恭玩世" />
    <Record n_id="1314" s_name="金属环" />
    <Record n_id="1315" s_name="濮煊" />
    <Record n_id="1316" s_name="意罪" />
    <Record n_id="1317" s_name="凉城以南丶" />
    <Record n_id="1318" s_name="铥鸟丶啈冨" />
    <Record n_id="1319" s_name="切男" />
    <Record n_id="1320" s_name="王璐芬龙诚" />
    <Record n_id="1321" s_name="是我入戏太深" />
    <Record n_id="1322" s_name="ヅ佳苗るか" />
    <Record n_id="1323" s_name="湮灭逆天邪" />
    <Record n_id="1324" s_name="超神小王子" />
    <Record n_id="1325" s_name="乱世丶扶苏" />
    <Record n_id="1326" s_name="慕容梦石" />
    <Record n_id="1327" s_name="傾城之淚" />
    <Record n_id="1328" s_name="虞云" />
    <Record n_id="1329" s_name="汤梦洁" />
    <Record n_id="1330" s_name="花边大裤衩" />
    <Record n_id="1331" s_name="米禾" />
    <Record n_id="1332" s_name="Johns蚁" />
    <Record n_id="1333" s_name="行者无疆" />
    <Record n_id="1334" s_name="维他柠檬茶" />
    <Record n_id="1335" s_name="习" />
    <Record n_id="1336" s_name="乱世丶愚" />
    <Record n_id="1337" s_name="莫珀" />
    <Record n_id="1338" s_name="恶魔猎手丶福" />
    <Record n_id="1339" s_name="鄢仓" />
    <Record n_id="1340" s_name="魏战丶将嗜血" />
    <Record n_id="1341" s_name="logzhang" />
    <Record n_id="1342" s_name="愤怒的猪八戒" />
    <Record n_id="1343" s_name="周珊不是山" />
    <Record n_id="1344" s_name="浪与矜持_" />
    <Record n_id="1345" s_name="一枚小学生" />
    <Record n_id="1346" s_name="风度" />
    <Record n_id="1347" s_name="墨雪莲" />
    <Record n_id="1348" s_name="Y丶醉也思" />
    <Record n_id="1349" s_name="蜀灬宁崽" />
    <Record n_id="1350" s_name="专打战队狗" />
    <Record n_id="1351" s_name="落雨zhi听风" />
    <Record n_id="1352" s_name="蜀灬奇葩" />
    <Record n_id="1353" s_name="乱世丶昊天帝" />
    <Record n_id="1354" s_name="黄色的云" />
    <Record n_id="1355" s_name="潘少" />
    <Record n_id="1356" s_name="舌尖上的波多" />
    <Record n_id="1357" s_name="雅怀" />
    <Record n_id="1358" s_name="朱龙毫" />
    <Record n_id="1359" s_name="潇潇兮孤月" />
    <Record n_id="1360" s_name="楚晚秋" />
    <Record n_id="1361" s_name="信念丶随心" />
    <Record n_id="1362" s_name="一念超神" />
    <Record n_id="1363" s_name="淘极客" />
    <Record n_id="1364" s_name="Blues" />
    <Record n_id="1365" s_name="森森" />
    <Record n_id="1366" s_name="希望养恶鬼" />
    <Record n_id="1367" s_name="一击破灬" />
    <Record n_id="1368" s_name="断背武士" />
    <Record n_id="1369" s_name="天下第一帅" />
    <Record n_id="1370" s_name="乱世丶随便" />
    <Record n_id="1371" s_name="月之女皇" />
    <Record n_id="1372" s_name="小心病" />
    <Record n_id="1373" s_name="令狐迁" />
    <Record n_id="1374" s_name="丘天" />
    <Record n_id="1375" s_name="庄青琼" />
    <Record n_id="1376" s_name="滕紫月" />
    <Record n_id="1377" s_name="爱卿遛小鸟" />
    <Record n_id="1378" s_name="张小厨" />
    <Record n_id="1379" s_name="看剑" />
    <Record n_id="1380" s_name="丶点" />
    <Record n_id="1381" s_name="人未尽杯莫停" />
    <Record n_id="1382" s_name="童瀚" />
    <Record n_id="1383" s_name="乱世丶百度" />
    <Record n_id="1384" s_name="以梦为马" />
    <Record n_id="1385" s_name="乱世丶末屿" />
    <Record n_id="1386" s_name="时间简史" />
    <Record n_id="1387" s_name="刘禅" />
    <Record n_id="1388" s_name="输出只打4369" />
    <Record n_id="1389" s_name="QH丶chen" />
    <Record n_id="1390" s_name="武茹" />
    <Record n_id="1391" s_name="Clory丶猩猩" />
    <Record n_id="1392" s_name="百里瑛" />
    <Record n_id="1393" s_name="小白菜" />
    <Record n_id="1394" s_name="繁星璀璨" />
    <Record n_id="1395" s_name="果冻不爱" />
    <Record n_id="1396" s_name="MIX_又又哥" />
    <Record n_id="1397" s_name="於乜" />
    <Record n_id="1398" s_name="霏之箭" />
    <Record n_id="1399" s_name="黑人战士" />
    <Record n_id="1400" s_name="xl此生有你" />
    <Record n_id="1401" s_name="小学生来了咯" />
    <Record n_id="1402" s_name="探戈" />
    <Record n_id="1403" s_name="芒果QQ糖" />
    <Record n_id="1404" s_name="尹青" />
    <Record n_id="1405" s_name="卡丝丁沟" />
    <Record n_id="1406" s_name="男神丶西夏" />
    <Record n_id="1407" s_name="方轩" />
    <Record n_id="1408" s_name="吴小小" />
    <Record n_id="1409" s_name="刁民站住" />
    <Record n_id="1410" s_name="gakki酱赛高" />
    <Record n_id="1411" s_name="不一样的高冷" />
    <Record n_id="1412" s_name="Ares丶时光" />
    <Record n_id="1413" s_name="乱世丶叹服" />
    <Record n_id="1414" s_name="疯枪丶" />
    <Record n_id="1415" s_name="浮生劫" />
    <Record n_id="1416" s_name="泼皮小辣椒" />
    <Record n_id="1417" s_name="莜莜莜" />
    <Record n_id="1418" s_name="乱世丶豆酱" />
    <Record n_id="1419" s_name="Mr绅士" />
    <Record n_id="1420" s_name="长谷丶孙梦" />
    <Record n_id="1421" s_name="夏姬八砍" />
    <Record n_id="1422" s_name="little星" />
    <Record n_id="1423" s_name="殇影少" />
    <Record n_id="1424" s_name="孙子找打" />
    <Record n_id="1425" s_name="九月寒雪" />
    <Record n_id="1426" s_name="QQ众志成诚" />
    <Record n_id="1427" s_name="a初见ℳLHX" />
    <Record n_id="1428" s_name="乱世丶大秦" />
    <Record n_id="1429" s_name="万人往ヾ" />
    <Record n_id="1430" s_name="云君" />
    <Record n_id="1431" s_name="心野性子污" />
    <Record n_id="1432" s_name="垃圾空城" />
    <Record n_id="1433" s_name="乱世丶信仰" />
    <Record n_id="1434" s_name="夹谷桢" />
    <Record n_id="1435" s_name="千寒玺" />
    <Record n_id="1436" s_name="梦千年" />
    <Record n_id="1437" s_name="呼延乐枫" />
    <Record n_id="1438" s_name="不求天长地久" />
    <Record n_id="1439" s_name="徐子衿" />
    <Record n_id="1440" s_name="轩晨" />
    <Record n_id="1441" s_name="Ka唐宋元明清" />
    <Record n_id="1442" s_name="石头里蹦熊猫" />
    <Record n_id="1443" s_name="简云" />
    <Record n_id="1444" s_name="千丶羽" />
    <Record n_id="1445" s_name="腹黑博" />
    <Record n_id="1446" s_name="超神ing" />
    <Record n_id="1447" s_name="李廷" />
    <Record n_id="1448" s_name="海悦天泽" />
    <Record n_id="1449" s_name="银河之力" />
    <Record n_id="1450" s_name="老而不死" />
    <Record n_id="1451" s_name="sempre" />
    <Record n_id="1452" s_name="神乐瑞" />
    <Record n_id="1453" s_name="林古" />
    <Record n_id="1454" s_name="最终boss" />
    <Record n_id="1455" s_name="菊花信" />
    <Record n_id="1456" s_name="汝城小欧" />
    <Record n_id="1457" s_name="南至向暖i" />
    <Record n_id="1458" s_name="严儒" />
    <Record n_id="1459" s_name="符亦白" />
    <Record n_id="1460" s_name="你腿折了" />
    <Record n_id="1461" s_name="张张张张" />
    <Record n_id="1462" s_name="司马琴" />
    <Record n_id="1463" s_name="一抹若殇" />
    <Record n_id="1464" s_name="小阿唔" />
    <Record n_id="1465" s_name="鹏总精神" />
    <Record n_id="1466" s_name="风雪男儿" />
    <Record n_id="1467" s_name="phone粉" />
    <Record n_id="1468" s_name="廉霏" />
    <Record n_id="1469" s_name="苗斯云" />
    <Record n_id="1470" s_name="奥斯卡" />
  </Table>
</ExData>