<ExData>
  <Table Name="GameTimeCfg">
    <ColumnList>
      <Column Name="n_id" DataType="1" />
      <Column Name="s_name" DataType="4" />
      <Column Name="s_sign" DataType="4" />
      <Column Name="n_time" DataType="1" />
      <Column Name="s_type" DataType="4" />
      <Column Name="n_isRecently" DataType="1" />
      <Column Name="n_isLoved" DataType="1" />
      <Column Name="s_seriesTag" DataType="4" />
    </ColumnList>
    <Attribute Name="s_typeName" DataType="4" Value="1:竞技类,2:动作&amp;沙盒类,3:模拟经营类,4:独立游戏&amp;Rougelike,5:RTS,6:集换式卡牌&amp;自走棋,7:手游,8:其他网游" />
    <Attribute Name="s_explain" DataType="4" Value="🟪：近期游玩&lt;br&gt;💜：喜欢的游戏" />
    <Attribute Name="s_jsonLink" DataType="4" Value="/page/game_time/game_time_cfg.json" />
    <Record n_id="1" s_name="CSGO/CS2" s_sign="" n_time="266" s_type="1" n_isRecently="1" n_isLoved="1" s_seriesTag="" />
    <Record n_id="2" s_name="《守望先锋》" s_sign="" n_time="400" s_type="1" n_isRecently="0" n_isLoved="1" s_seriesTag="" />
    <Record n_id="3" s_name="《绝地求生》" s_sign="" n_time="1757" s_type="1" n_isRecently="1" n_isLoved="1" s_seriesTag="" />
    <Record n_id="4" s_name="《英雄联盟》" s_sign="＞" n_time="8000" s_type="1" n_isRecently="1" n_isLoved="1" s_seriesTag="" />
    <Record n_id="5" s_name="《战地风云2042》" s_sign="≈" n_time="50" s_type="1" n_isRecently="1" n_isLoved="0" s_seriesTag="Battlefield" />
    <Record n_id="6" s_name="《战地风云3》" s_sign="＞" n_time="100" s_type="" n_isRecently="0" n_isLoved="1" s_seriesTag="Battlefield" />
    <Record n_id="7" s_name="Apex Legends" s_sign="" n_time="25" s_type="1" n_isRecently="0" n_isLoved="0" s_seriesTag="" />
    <Record n_id="8" s_name="《侠盗猎车手5》" s_sign="" n_time="445" s_type="2" n_isRecently="0" n_isLoved="1" s_seriesTag="GTA" />
    <Record n_id="9" s_name="《侠盗猎车手4》" s_sign="≈" n_time="100" s_type="2" n_isRecently="0" n_isLoved="0" s_seriesTag="GTA" />
    <Record n_id="10" s_name="《侠盗猎车手：圣安地列斯》" s_sign="≈" n_time="50" s_type="2" n_isRecently="0" n_isLoved="0" s_seriesTag="GTA" />
    <Record n_id="11" s_name="《侠盗猎车手：罪恶都市》" s_sign="≈" n_time="200" s_type="2" n_isRecently="0" n_isLoved="0" s_seriesTag="GTA" />
    <Record n_id="12" s_name="《对马岛之魂》" s_sign="≈" n_time="50" s_type="2" n_isRecently="0" n_isLoved="0" s_seriesTag="" />
    <Record n_id="13" s_name="《全境封锁1》" s_sign="" n_time="19" s_type="2" n_isRecently="0" n_isLoved="0" s_seriesTag="TheDivision" />
    <Record n_id="14" s_name="《全境封锁2》" s_sign="" n_time="42" s_type="2" n_isRecently="0" n_isLoved="0" s_seriesTag="TheDivision" />
    <Record n_id="15" s_name="Far Cry5" s_sign="" n_time="8" s_type="2" n_isRecently="0" n_isLoved="0" s_seriesTag="FarCry" />
    <Record n_id="16" s_name="Far Cry4" s_sign="" n_time="32" s_type="2" n_isRecently="0" n_isLoved="0" s_seriesTag="FarCry" />
    <Record n_id="17" s_name="《丧尸围城4》" s_sign="" n_time="20" s_type="2" n_isRecently="0" n_isLoved="0" s_seriesTag="DeadRising" />
    <Record n_id="18" s_name="《丧尸围城3》" s_sign="" n_time="10" s_type="2" n_isRecently="0" n_isLoved="0" s_seriesTag="DeadRising" />
    <Record n_id="19" s_name="《丧尸围城2》" s_sign="" n_time="15" s_type="2" n_isRecently="0" n_isLoved="0" s_seriesTag="DeadRising" />
    <Record n_id="20" s_name="《求生之路2》" s_sign="" n_time="53" s_type="2" n_isRecently="0" n_isLoved="0" s_seriesTag="L4D" />
    <Record n_id="21" s_name="《求生之路1》" s_sign="" n_time="6" s_type="2" n_isRecently="0" n_isLoved="0" s_seriesTag="L4D" />
    <Record n_id="22" s_name="《僵尸世界大战》" s_sign="" n_time="15" s_type="2" n_isRecently="0" n_isLoved="0" s_seriesTag="" />
    <Record n_id="23" s_name="《遗迹：灰烬重生》" s_sign="" n_time="12" s_type="2" n_isRecently="0" n_isLoved="0" s_seriesTag="" />
    <Record n_id="24" s_name="《赛博朋克2077》" s_sign="≈" n_time="70" s_type="2" n_isRecently="0" n_isLoved="0" s_seriesTag="" />
    <Record n_id="25" s_name="《原子之心》" s_sign="" n_time="16" s_type="2" n_isRecently="0" n_isLoved="0" s_seriesTag="" />
    <Record n_id="26" s_name="《黑神话:悟空》" s_sign="≈" n_time="30" s_type="2" n_isRecently="0" n_isLoved="0" s_seriesTag="" />
    <Record n_id="27" s_name="《看门狗1》" s_sign="≈" n_time="10" s_type="2" n_isRecently="0" n_isLoved="0" s_seriesTag="WatchDogs" />
    <Record n_id="28" s_name="《看门狗2》" s_sign="≈" n_time="10" s_type="2" n_isRecently="0" n_isLoved="0" s_seriesTag="WatchDogs" />
    <Record n_id="29" s_name="《虐杀原形1》" s_sign="≈" n_time="15" s_type="2" n_isRecently="0" n_isLoved="0" s_seriesTag="Prototype" />
    <Record n_id="30" s_name="《虐杀原形2》" s_sign="≈" n_time="5" s_type="2" n_isRecently="0" n_isLoved="0" s_seriesTag="Prototype" />
    <Record n_id="31" s_name="《消逝的光芒1》" s_sign="≈" n_time="8" s_type="2" n_isRecently="0" n_isLoved="0" s_seriesTag="" />
    <Record n_id="32" s_name="《荒野大镖客2》" s_sign="" n_time="20" s_type="2" n_isRecently="0" n_isLoved="0" s_seriesTag="" />
    <Record n_id="33" s_name="《死亡岛1》" s_sign="" n_time="45" s_type="2" n_isRecently="1" n_isLoved="0" s_seriesTag="DeadIsland" />
    <Record n_id="34" s_name="《死亡岛2》" s_sign="" n_time="20" s_type="2" n_isRecently="0" n_isLoved="0" s_seriesTag="DeadIsland" />
    <Record n_id="35" s_name="《热血无赖》" s_sign="" n_time="20" s_type="2" n_isRecently="0" n_isLoved="0" s_seriesTag="" />
    <Record n_id="36" s_name="《使命召唤6:现代战争》" s_sign="" n_time="30" s_type="2" n_isRecently="1" n_isLoved="0" s_seriesTag="COD" />
    <Record n_id="37" s_name="《潜水员戴夫》" s_sign="" n_time="13" s_type="3" n_isRecently="0" n_isLoved="0" s_seriesTag="" />
    <Record n_id="38" s_name="《星露谷物语》" s_sign="" n_time="10" s_type="3" n_isRecently="0" n_isLoved="0" s_seriesTag="" />
    <Record n_id="39" s_name="《牧场物语：矿石镇的伙伴》(GBA)" s_sign="≈" n_time="30" s_type="3" n_isRecently="0" n_isLoved="1" s_seriesTag="" />
    <Record n_id="40" s_name="《戴森球计划》" s_sign="" n_time="27" s_type="3" n_isRecently="0" n_isLoved="0" s_seriesTag="" />
    <Record n_id="41" s_name="《缺氧》" s_sign="" n_time="9" s_type="3" n_isRecently="0" n_isLoved="0" s_seriesTag="" />
    <Record n_id="42" s_name="《模拟城市4：尖峰时刻》" s_sign="≈" n_time="200" s_type="3" n_isRecently="1" n_isLoved="1" s_seriesTag="SimCity" />
    <Record n_id="43" s_name="《模拟城市3000》" s_sign="≈" n_time="10" s_type="3" n_isRecently="0" n_isLoved="0" s_seriesTag="SimCity" />
    <Record n_id="44" s_name="《模拟城市5:未来之城》" s_sign="≈" n_time="50" s_type="3" n_isRecently="0" n_isLoved="0" s_seriesTag="SimCity" />
    <Record n_id="45" s_name="《都市天际线1》" s_sign="" n_time="36" s_type="3" n_isRecently="0" n_isLoved="0" s_seriesTag="Skyline" />
    <Record n_id="46" s_name="《都市天际线2》" s_sign="" n_time="20" s_type="3" n_isRecently="1" n_isLoved="0" s_seriesTag="Skyline" />
    <Record n_id="47" s_name="《冰汽时代》" s_sign="" n_time="6" s_type="3" n_isRecently="0" n_isLoved="0" s_seriesTag="" />
    <Record n_id="48" s_name="《双点医院》" s_sign="" n_time="18" s_type="3" n_isRecently="0" n_isLoved="0" s_seriesTag="" />
    <Record n_id="49" s_name="Blatro（小丑牌）" s_sign="" n_time="104" s_type="4" n_isRecently="1" n_isLoved="1" s_seriesTag="" />
    <Record n_id="50" s_name="《哈迪斯1》" s_sign="≈" n_time="10" s_type="4" n_isRecently="0" n_isLoved="0" s_seriesTag="" />
    <Record n_id="51" s_name="《哈迪斯2》" s_sign="" n_time="39" s_type="4" n_isRecently="0" n_isLoved="1" s_seriesTag="" />
    <Record n_id="52" s_name="《土豆兄弟》" s_sign="≈" n_time="10" s_type="4" n_isRecently="0" n_isLoved="0" s_seriesTag="" />
    <Record n_id="53" s_name="《幸运房东》" s_sign="" n_time="16" s_type="4" n_isRecently="1" n_isLoved="0" s_seriesTag="" />
    <Record n_id="54" s_name="《文明4》" s_sign="" n_time="50" s_type="5" n_isRecently="0" n_isLoved="0" s_seriesTag="" />
    <Record n_id="55" s_name="《帝国时代2》" s_sign="＞" n_time="100" s_type="5" n_isRecently="0" n_isLoved="0" s_seriesTag="" />
    <Record n_id="56" s_name="《红色警戒2》" s_sign="＞" n_time="100" s_type="5" n_isRecently="0" n_isLoved="0" s_seriesTag="" />
    <Record n_id="57" s_name="《要塞：十字军东征2》" s_sign="＞" n_time="150" s_type="5" n_isRecently="0" n_isLoved="1" s_seriesTag="" />
    <Record n_id="58" s_name="《星际争霸1》" s_sign="≈" n_time="20" s_type="5" n_isRecently="0" n_isLoved="0" s_seriesTag="" />
    <Record n_id="59" s_name="《魔兽争霸3》" s_sign="＞" n_time="100" s_type="5" n_isRecently="0" n_isLoved="0" s_seriesTag="" />
    <Record n_id="60" s_name="《海岛大亨5》" s_sign="" n_time="30" s_type="5" n_isRecently="0" n_isLoved="0" s_seriesTag="" />
    <Record n_id="61" s_name="《炉石传说》" s_sign="≈" n_time="150" s_type="6" n_isRecently="0" n_isLoved="0" s_seriesTag="" />
    <Record n_id="62" s_name="Kards" s_sign="" n_time="56" s_type="6" n_isRecently="0" n_isLoved="0" s_seriesTag="" />
    <Record n_id="63" s_name="《绝区零》" s_sign="" n_time="40" s_type="7" n_isRecently="0" n_isLoved="1" s_seriesTag="" />
    <Record n_id="64" s_name="《荒野乱斗》" s_sign="≈" n_time="200" s_type="7" n_isRecently="1" n_isLoved="0" s_seriesTag="" />
    <Record n_id="65" s_name="《云顶之弈》" s_sign="＞" n_time="300" s_type="8" n_isRecently="0" n_isLoved="0" s_seriesTag="" />
    <Record n_id="66" s_name="《地下城与勇士》" s_sign="≈" n_time="40" s_type="8" n_isRecently="0" n_isLoved="0" s_seriesTag="" />
    <Record n_id="67" s_name="《彩虹岛》" s_sign="≈" n_time="80" s_type="8" n_isRecently="0" n_isLoved="0" s_seriesTag="" />
    <Record n_id="68" s_name="《龙之谷》" s_sign="≈" n_time="20" s_type="8" n_isRecently="0" n_isLoved="0" s_seriesTag="" />
    <Record n_id="69" s_name="《穿越火线》" s_sign="≈" n_time="100" s_type="8" n_isRecently="0" n_isLoved="0" s_seriesTag="" />
  </Table>
</ExData>