<ExData>
  <Table Name="LotteryRandomGiftCfg">
    <ColumnList>
      <Column Name="n_id" DataType="1" />
      <Column Name="n_randomGiftId" DataType="1" />
      <Column Name="n_itemId" DataType="1" />
      <Column Name="n_itemNum" DataType="1" />
      <Column Name="n_probability" DataType="1" />
      <Column Name="n_limitId" DataType="1" />
      <Column Name="n_extraRandomGiftId" DataType="1" />
      <Column Name="n_addScore" DataType="1" />
    </ColumnList>
    <Record n_id="1" n_randomGiftId="100001" n_itemId="170025001" n_itemNum="1" n_probability="1575" n_limitId="0" n_extraRandomGiftId="0" n_addScore="28000" />
    <Record n_id="2" n_randomGiftId="100001" n_itemId="156101005" n_itemNum="1" n_probability="2624" n_limitId="0" n_extraRandomGiftId="0" n_addScore="16800" />
    <Record n_id="3" n_randomGiftId="100001" n_itemId="170024001" n_itemNum="1" n_probability="9450" n_limitId="0" n_extraRandomGiftId="0" n_addScore="4100" />
    <Record n_id="4" n_randomGiftId="100001" n_itemId="156101004" n_itemNum="1" n_probability="15749" n_limitId="0" n_extraRandomGiftId="0" n_addScore="5000" />
    <Record n_id="5" n_randomGiftId="100001" n_itemId="170023001" n_itemNum="1" n_probability="47250" n_limitId="0" n_extraRandomGiftId="0" n_addScore="750" />
    <Record n_id="6" n_randomGiftId="100001" n_itemId="156401003" n_itemNum="1" n_probability="78749" n_limitId="0" n_extraRandomGiftId="0" n_addScore="135" />
    <Record n_id="7" n_randomGiftId="100001" n_itemId="170022011" n_itemNum="1" n_probability="19551" n_limitId="0" n_extraRandomGiftId="0" n_addScore="390" />
    <Record n_id="8" n_randomGiftId="100001" n_itemId="156201002" n_itemNum="1" n_probability="32586" n_limitId="0" n_extraRandomGiftId="0" n_addScore="230" />
    <Record n_id="9" n_randomGiftId="100001" n_itemId="156701002" n_itemNum="1" n_probability="32586" n_limitId="0" n_extraRandomGiftId="0" n_addScore="230" />
    <Record n_id="10" n_randomGiftId="100001" n_itemId="157002006" n_itemNum="1" n_probability="195517" n_limitId="0" n_extraRandomGiftId="0" n_addScore="39" />
    <Record n_id="11" n_randomGiftId="100001" n_itemId="153002004" n_itemNum="1" n_probability="97758" n_limitId="0" n_extraRandomGiftId="0" n_addScore="78" />
    <Record n_id="12" n_randomGiftId="100001" n_itemId="170021011" n_itemNum="1" n_probability="22219" n_limitId="0" n_extraRandomGiftId="0" n_addScore="70" />
    <Record n_id="13" n_randomGiftId="100001" n_itemId="156301001" n_itemNum="1" n_probability="37031" n_limitId="0" n_extraRandomGiftId="0" n_addScore="42" />
    <Record n_id="14" n_randomGiftId="100001" n_itemId="156501001" n_itemNum="1" n_probability="37031" n_limitId="0" n_extraRandomGiftId="0" n_addScore="42" />
    <Record n_id="15" n_randomGiftId="100001" n_itemId="156601001" n_itemNum="1" n_probability="37031" n_limitId="0" n_extraRandomGiftId="0" n_addScore="42" />
    <Record n_id="16" n_randomGiftId="100001" n_itemId="157002014" n_itemNum="1" n_probability="222190" n_limitId="0" n_extraRandomGiftId="0" n_addScore="7" />
    <Record n_id="17" n_randomGiftId="100001" n_itemId="153002006" n_itemNum="1" n_probability="111095" n_limitId="0" n_extraRandomGiftId="0" n_addScore="14" />
    <Record n_id="18" n_randomGiftId="100011" n_itemId="170015001" n_itemNum="1" n_probability="1575" n_limitId="0" n_extraRandomGiftId="0" n_addScore="28000" />
    <Record n_id="19" n_randomGiftId="100011" n_itemId="156501015" n_itemNum="1" n_probability="2624" n_limitId="0" n_extraRandomGiftId="0" n_addScore="16800" />
    <Record n_id="20" n_randomGiftId="100011" n_itemId="170014001" n_itemNum="1" n_probability="9450" n_limitId="0" n_extraRandomGiftId="0" n_addScore="4100" />
    <Record n_id="21" n_randomGiftId="100011" n_itemId="156501014" n_itemNum="1" n_probability="15749" n_limitId="0" n_extraRandomGiftId="0" n_addScore="5000" />
    <Record n_id="22" n_randomGiftId="100011" n_itemId="170013001" n_itemNum="1" n_probability="47250" n_limitId="0" n_extraRandomGiftId="0" n_addScore="750" />
    <Record n_id="23" n_randomGiftId="100011" n_itemId="156601013" n_itemNum="1" n_probability="78749" n_limitId="0" n_extraRandomGiftId="0" n_addScore="135" />
    <Record n_id="24" n_randomGiftId="100011" n_itemId="170012011" n_itemNum="1" n_probability="19551" n_limitId="0" n_extraRandomGiftId="0" n_addScore="390" />
    <Record n_id="25" n_randomGiftId="100011" n_itemId="156101012" n_itemNum="1" n_probability="32586" n_limitId="0" n_extraRandomGiftId="0" n_addScore="230" />
    <Record n_id="26" n_randomGiftId="100011" n_itemId="156401012" n_itemNum="1" n_probability="32586" n_limitId="0" n_extraRandomGiftId="0" n_addScore="230" />
    <Record n_id="27" n_randomGiftId="100011" n_itemId="157001006" n_itemNum="1" n_probability="195517" n_limitId="0" n_extraRandomGiftId="0" n_addScore="39" />
    <Record n_id="28" n_randomGiftId="100011" n_itemId="153001004" n_itemNum="1" n_probability="97758" n_limitId="0" n_extraRandomGiftId="0" n_addScore="78" />
    <Record n_id="29" n_randomGiftId="100011" n_itemId="170011011" n_itemNum="1" n_probability="22219" n_limitId="0" n_extraRandomGiftId="0" n_addScore="70" />
    <Record n_id="30" n_randomGiftId="100011" n_itemId="156201011" n_itemNum="1" n_probability="37031" n_limitId="0" n_extraRandomGiftId="0" n_addScore="42" />
    <Record n_id="31" n_randomGiftId="100011" n_itemId="156301011" n_itemNum="1" n_probability="37031" n_limitId="0" n_extraRandomGiftId="0" n_addScore="42" />
    <Record n_id="32" n_randomGiftId="100011" n_itemId="156701011" n_itemNum="1" n_probability="37031" n_limitId="0" n_extraRandomGiftId="0" n_addScore="42" />
    <Record n_id="33" n_randomGiftId="100011" n_itemId="157001014" n_itemNum="1" n_probability="222190" n_limitId="0" n_extraRandomGiftId="0" n_addScore="7" />
    <Record n_id="34" n_randomGiftId="100011" n_itemId="153001006" n_itemNum="1" n_probability="111095" n_limitId="0" n_extraRandomGiftId="0" n_addScore="14" />
    <Record n_id="35" n_randomGiftId="100021" n_itemId="170047001" n_itemNum="1" n_probability="28" n_limitId="0" n_extraRandomGiftId="0" n_addScore="700" />
    <Record n_id="36" n_randomGiftId="100021" n_itemId="156301027" n_itemNum="1" n_probability="28" n_limitId="0" n_extraRandomGiftId="0" n_addScore="100" />
    <Record n_id="37" n_randomGiftId="100021" n_itemId="170046001" n_itemNum="1" n_probability="140" n_limitId="0" n_extraRandomGiftId="0" n_addScore="600" />
    <Record n_id="38" n_randomGiftId="100021" n_itemId="170046002" n_itemNum="1" n_probability="140" n_limitId="0" n_extraRandomGiftId="0" n_addScore="600" />
    <Record n_id="39" n_randomGiftId="100021" n_itemId="156101026" n_itemNum="1" n_probability="140" n_limitId="0" n_extraRandomGiftId="0" n_addScore="100" />
    <Record n_id="40" n_randomGiftId="100021" n_itemId="170045001" n_itemNum="1" n_probability="700" n_limitId="0" n_extraRandomGiftId="0" n_addScore="500" />
    <Record n_id="41" n_randomGiftId="100021" n_itemId="156401025" n_itemNum="1" n_probability="700" n_limitId="0" n_extraRandomGiftId="0" n_addScore="100" />
    <Record n_id="42" n_randomGiftId="100021" n_itemId="170044001" n_itemNum="1" n_probability="2625" n_limitId="0" n_extraRandomGiftId="0" n_addScore="400" />
    <Record n_id="43" n_randomGiftId="100021" n_itemId="156701024" n_itemNum="1" n_probability="2625" n_limitId="0" n_extraRandomGiftId="0" n_addScore="100" />
    <Record n_id="44" n_randomGiftId="100021" n_itemId="156501024" n_itemNum="1" n_probability="2625" n_limitId="0" n_extraRandomGiftId="0" n_addScore="100" />
    <Record n_id="45" n_randomGiftId="100021" n_itemId="156601024" n_itemNum="1" n_probability="2625" n_limitId="0" n_extraRandomGiftId="0" n_addScore="100" />
    <Record n_id="46" n_randomGiftId="100021" n_itemId="170043001" n_itemNum="1" n_probability="7500" n_limitId="0" n_extraRandomGiftId="0" n_addScore="300" />
    <Record n_id="47" n_randomGiftId="100021" n_itemId="156101023" n_itemNum="1" n_probability="7500" n_limitId="0" n_extraRandomGiftId="0" n_addScore="100" />
    <Record n_id="48" n_randomGiftId="100021" n_itemId="156201023" n_itemNum="1" n_probability="7500" n_limitId="0" n_extraRandomGiftId="0" n_addScore="100" />
    <Record n_id="49" n_randomGiftId="100021" n_itemId="156301023" n_itemNum="1" n_probability="7500" n_limitId="0" n_extraRandomGiftId="0" n_addScore="100" />
    <Record n_id="50" n_randomGiftId="100021" n_itemId="156401023" n_itemNum="1" n_probability="7500" n_limitId="0" n_extraRandomGiftId="0" n_addScore="100" />
    <Record n_id="51" n_randomGiftId="100021" n_itemId="156501023" n_itemNum="1" n_probability="7500" n_limitId="0" n_extraRandomGiftId="0" n_addScore="100" />
    <Record n_id="52" n_randomGiftId="100021" n_itemId="156601023" n_itemNum="1" n_probability="7500" n_limitId="0" n_extraRandomGiftId="0" n_addScore="100" />
    <Record n_id="53" n_randomGiftId="100021" n_itemId="156701023" n_itemNum="1" n_probability="7500" n_limitId="0" n_extraRandomGiftId="0" n_addScore="100" />
    <Record n_id="54" n_randomGiftId="100031" n_itemId="170075001" n_itemNum="1" n_probability="1575" n_limitId="0" n_extraRandomGiftId="0" n_addScore="28000" />
    <Record n_id="55" n_randomGiftId="100031" n_itemId="156201035" n_itemNum="1" n_probability="2624" n_limitId="0" n_extraRandomGiftId="0" n_addScore="16800" />
    <Record n_id="56" n_randomGiftId="100031" n_itemId="170074001" n_itemNum="1" n_probability="9450" n_limitId="0" n_extraRandomGiftId="0" n_addScore="4100" />
    <Record n_id="57" n_randomGiftId="100031" n_itemId="156201034" n_itemNum="1" n_probability="15749" n_limitId="0" n_extraRandomGiftId="0" n_addScore="5000" />
    <Record n_id="58" n_randomGiftId="100031" n_itemId="170073001" n_itemNum="1" n_probability="47250" n_limitId="0" n_extraRandomGiftId="0" n_addScore="750" />
    <Record n_id="59" n_randomGiftId="100031" n_itemId="156301033" n_itemNum="1" n_probability="78749" n_limitId="0" n_extraRandomGiftId="0" n_addScore="135" />
    <Record n_id="60" n_randomGiftId="100031" n_itemId="170072011" n_itemNum="1" n_probability="19551" n_limitId="0" n_extraRandomGiftId="0" n_addScore="390" />
    <Record n_id="61" n_randomGiftId="100031" n_itemId="156501032" n_itemNum="1" n_probability="32586" n_limitId="0" n_extraRandomGiftId="0" n_addScore="230" />
    <Record n_id="62" n_randomGiftId="100031" n_itemId="156601032" n_itemNum="1" n_probability="32586" n_limitId="0" n_extraRandomGiftId="0" n_addScore="230" />
    <Record n_id="63" n_randomGiftId="100031" n_itemId="157007006" n_itemNum="1" n_probability="195517" n_limitId="0" n_extraRandomGiftId="0" n_addScore="39" />
    <Record n_id="64" n_randomGiftId="100031" n_itemId="153007004" n_itemNum="1" n_probability="97758" n_limitId="0" n_extraRandomGiftId="0" n_addScore="78" />
    <Record n_id="65" n_randomGiftId="100031" n_itemId="170071011" n_itemNum="1" n_probability="22219" n_limitId="0" n_extraRandomGiftId="0" n_addScore="70" />
    <Record n_id="66" n_randomGiftId="100031" n_itemId="156101031" n_itemNum="1" n_probability="37031" n_limitId="0" n_extraRandomGiftId="0" n_addScore="42" />
    <Record n_id="67" n_randomGiftId="100031" n_itemId="156401031" n_itemNum="1" n_probability="37031" n_limitId="0" n_extraRandomGiftId="0" n_addScore="42" />
    <Record n_id="68" n_randomGiftId="100031" n_itemId="156701031" n_itemNum="1" n_probability="37031" n_limitId="0" n_extraRandomGiftId="0" n_addScore="42" />
    <Record n_id="69" n_randomGiftId="100031" n_itemId="157007014" n_itemNum="1" n_probability="222190" n_limitId="0" n_extraRandomGiftId="0" n_addScore="7" />
    <Record n_id="70" n_randomGiftId="100031" n_itemId="153007006" n_itemNum="1" n_probability="111095" n_limitId="0" n_extraRandomGiftId="0" n_addScore="14" />
    <Record n_id="71" n_randomGiftId="11001" n_itemId="170047001" n_itemNum="1" n_probability="210" n_limitId="0" n_extraRandomGiftId="0" n_addScore="2241975" />
    <Record n_id="72" n_randomGiftId="11001" n_itemId="170046001" n_itemNum="1" n_probability="4200" n_limitId="0" n_extraRandomGiftId="0" n_addScore="224281" />
    <Record n_id="73" n_randomGiftId="11001" n_itemId="170015001" n_itemNum="1" n_probability="5600" n_limitId="0" n_extraRandomGiftId="0" n_addScore="28056" />
    <Record n_id="74" n_randomGiftId="11001" n_itemId="170025001" n_itemNum="1" n_probability="5600" n_limitId="0" n_extraRandomGiftId="0" n_addScore="28056" />
    <Record n_id="75" n_randomGiftId="11001" n_itemId="170045001" n_itemNum="1" n_probability="5600" n_limitId="0" n_extraRandomGiftId="0" n_addScore="28056" />
    <Record n_id="76" n_randomGiftId="11001" n_itemId="170065001" n_itemNum="1" n_probability="5600" n_limitId="0" n_extraRandomGiftId="0" n_addScore="28056" />
    <Record n_id="77" n_randomGiftId="11001" n_itemId="170075001" n_itemNum="1" n_probability="5600" n_limitId="0" n_extraRandomGiftId="0" n_addScore="28056" />
    <Record n_id="78" n_randomGiftId="11001" n_itemId="170085001" n_itemNum="1" n_probability="5600" n_limitId="0" n_extraRandomGiftId="0" n_addScore="28056" />
    <Record n_id="79" n_randomGiftId="11001" n_itemId="170014001" n_itemNum="1" n_probability="39200" n_limitId="0" n_extraRandomGiftId="0" n_addScore="4175" />
    <Record n_id="80" n_randomGiftId="11001" n_itemId="170024001" n_itemNum="1" n_probability="39200" n_limitId="0" n_extraRandomGiftId="0" n_addScore="4175" />
    <Record n_id="81" n_randomGiftId="11001" n_itemId="170044001" n_itemNum="1" n_probability="39200" n_limitId="0" n_extraRandomGiftId="0" n_addScore="4175" />
    <Record n_id="82" n_randomGiftId="11001" n_itemId="170064001" n_itemNum="1" n_probability="39200" n_limitId="0" n_extraRandomGiftId="0" n_addScore="4175" />
    <Record n_id="83" n_randomGiftId="11001" n_itemId="170074001" n_itemNum="1" n_probability="39200" n_limitId="0" n_extraRandomGiftId="0" n_addScore="4175" />
    <Record n_id="84" n_randomGiftId="11001" n_itemId="170084001" n_itemNum="1" n_probability="39200" n_limitId="0" n_extraRandomGiftId="0" n_addScore="4175" />
    <Record n_id="85" n_randomGiftId="11001" n_itemId="170013001" n_itemNum="1" n_probability="121131" n_limitId="0" n_extraRandomGiftId="0" n_addScore="751" />
    <Record n_id="86" n_randomGiftId="11001" n_itemId="170023001" n_itemNum="1" n_probability="121131" n_limitId="0" n_extraRandomGiftId="0" n_addScore="751" />
    <Record n_id="87" n_randomGiftId="11001" n_itemId="170043001" n_itemNum="1" n_probability="121131" n_limitId="0" n_extraRandomGiftId="0" n_addScore="751" />
    <Record n_id="88" n_randomGiftId="11001" n_itemId="170063001" n_itemNum="1" n_probability="121131" n_limitId="0" n_extraRandomGiftId="0" n_addScore="751" />
    <Record n_id="89" n_randomGiftId="11001" n_itemId="170073001" n_itemNum="1" n_probability="121131" n_limitId="0" n_extraRandomGiftId="0" n_addScore="751" />
    <Record n_id="90" n_randomGiftId="11001" n_itemId="170083001" n_itemNum="1" n_probability="121131" n_limitId="0" n_extraRandomGiftId="0" n_addScore="751" />
    <Record n_id="91" n_randomGiftId="110001" n_itemId="170025011" n_itemNum="1" n_probability="2" n_limitId="0" n_extraRandomGiftId="0" n_addScore="28000" />
    <Record n_id="92" n_randomGiftId="110001" n_itemId="156101005" n_itemNum="1" n_probability="0" n_limitId="0" n_extraRandomGiftId="0" n_addScore="16800" />
    <Record n_id="93" n_randomGiftId="110001" n_itemId="170024011" n_itemNum="1" n_probability="0" n_limitId="0" n_extraRandomGiftId="0" n_addScore="4100" />
    <Record n_id="94" n_randomGiftId="110001" n_itemId="156101004" n_itemNum="1" n_probability="0" n_limitId="0" n_extraRandomGiftId="0" n_addScore="5000" />
    <Record n_id="95" n_randomGiftId="110001" n_itemId="170023011" n_itemNum="1" n_probability="0" n_limitId="0" n_extraRandomGiftId="0" n_addScore="750" />
    <Record n_id="96" n_randomGiftId="110001" n_itemId="156401003" n_itemNum="1" n_probability="0" n_limitId="0" n_extraRandomGiftId="0" n_addScore="135" />
    <Record n_id="97" n_randomGiftId="110001" n_itemId="170022011" n_itemNum="1" n_probability="0" n_limitId="0" n_extraRandomGiftId="0" n_addScore="390" />
    <Record n_id="98" n_randomGiftId="110001" n_itemId="156201002" n_itemNum="1" n_probability="0" n_limitId="0" n_extraRandomGiftId="0" n_addScore="230" />
    <Record n_id="99" n_randomGiftId="110001" n_itemId="156701002" n_itemNum="1" n_probability="0" n_limitId="0" n_extraRandomGiftId="0" n_addScore="230" />
    <Record n_id="100" n_randomGiftId="110001" n_itemId="157002006" n_itemNum="1" n_probability="0" n_limitId="0" n_extraRandomGiftId="0" n_addScore="39" />
    <Record n_id="101" n_randomGiftId="110001" n_itemId="153002004" n_itemNum="1" n_probability="0" n_limitId="0" n_extraRandomGiftId="0" n_addScore="78" />
    <Record n_id="102" n_randomGiftId="110001" n_itemId="170021011" n_itemNum="1" n_probability="0" n_limitId="0" n_extraRandomGiftId="0" n_addScore="70" />
    <Record n_id="103" n_randomGiftId="110001" n_itemId="156301001" n_itemNum="1" n_probability="0" n_limitId="0" n_extraRandomGiftId="0" n_addScore="42" />
    <Record n_id="104" n_randomGiftId="110001" n_itemId="156501001" n_itemNum="1" n_probability="0" n_limitId="0" n_extraRandomGiftId="0" n_addScore="42" />
    <Record n_id="105" n_randomGiftId="110001" n_itemId="156601001" n_itemNum="1" n_probability="0" n_limitId="0" n_extraRandomGiftId="0" n_addScore="42" />
    <Record n_id="106" n_randomGiftId="110001" n_itemId="157002014" n_itemNum="1" n_probability="0" n_limitId="0" n_extraRandomGiftId="0" n_addScore="7" />
    <Record n_id="107" n_randomGiftId="110001" n_itemId="153002006" n_itemNum="1" n_probability="0" n_limitId="0" n_extraRandomGiftId="0" n_addScore="14" />
    <Record n_id="108" n_randomGiftId="110011" n_itemId="170015011" n_itemNum="1" n_probability="2" n_limitId="0" n_extraRandomGiftId="0" n_addScore="28000" />
    <Record n_id="109" n_randomGiftId="110011" n_itemId="156501015" n_itemNum="1" n_probability="2" n_limitId="0" n_extraRandomGiftId="0" n_addScore="16800" />
    <Record n_id="110" n_randomGiftId="110011" n_itemId="170014011" n_itemNum="1" n_probability="80" n_limitId="0" n_extraRandomGiftId="0" n_addScore="4100" />
    <Record n_id="111" n_randomGiftId="110011" n_itemId="156501014" n_itemNum="1" n_probability="80" n_limitId="0" n_extraRandomGiftId="0" n_addScore="5000" />
    <Record n_id="112" n_randomGiftId="110011" n_itemId="170013011" n_itemNum="1" n_probability="800" n_limitId="0" n_extraRandomGiftId="0" n_addScore="750" />
    <Record n_id="113" n_randomGiftId="110011" n_itemId="156601013" n_itemNum="1" n_probability="800" n_limitId="0" n_extraRandomGiftId="0" n_addScore="135" />
    <Record n_id="114" n_randomGiftId="110011" n_itemId="170012011" n_itemNum="1" n_probability="430" n_limitId="0" n_extraRandomGiftId="0" n_addScore="390" />
    <Record n_id="115" n_randomGiftId="110011" n_itemId="156101012" n_itemNum="1" n_probability="195" n_limitId="0" n_extraRandomGiftId="0" n_addScore="230" />
    <Record n_id="116" n_randomGiftId="110011" n_itemId="156401012" n_itemNum="1" n_probability="195" n_limitId="0" n_extraRandomGiftId="0" n_addScore="230" />
    <Record n_id="117" n_randomGiftId="110011" n_itemId="157001006" n_itemNum="1" n_probability="168" n_limitId="0" n_extraRandomGiftId="0" n_addScore="39" />
    <Record n_id="118" n_randomGiftId="110011" n_itemId="153001004" n_itemNum="1" n_probability="168" n_limitId="0" n_extraRandomGiftId="0" n_addScore="78" />
    <Record n_id="119" n_randomGiftId="110011" n_itemId="170011011" n_itemNum="1" n_probability="360" n_limitId="0" n_extraRandomGiftId="0" n_addScore="70" />
    <Record n_id="120" n_randomGiftId="110011" n_itemId="156201011" n_itemNum="1" n_probability="120" n_limitId="0" n_extraRandomGiftId="0" n_addScore="42" />
    <Record n_id="121" n_randomGiftId="110011" n_itemId="156301011" n_itemNum="1" n_probability="120" n_limitId="0" n_extraRandomGiftId="0" n_addScore="42" />
    <Record n_id="122" n_randomGiftId="110011" n_itemId="156701011" n_itemNum="1" n_probability="120" n_limitId="0" n_extraRandomGiftId="0" n_addScore="42" />
    <Record n_id="123" n_randomGiftId="110011" n_itemId="157001014" n_itemNum="1" n_probability="180" n_limitId="0" n_extraRandomGiftId="0" n_addScore="7" />
    <Record n_id="124" n_randomGiftId="110011" n_itemId="153001006" n_itemNum="1" n_probability="180" n_limitId="0" n_extraRandomGiftId="0" n_addScore="14" />
    <Record n_id="125" n_randomGiftId="110021" n_itemId="170047011" n_itemNum="1" n_probability="28" n_limitId="0" n_extraRandomGiftId="0" n_addScore="700" />
    <Record n_id="126" n_randomGiftId="110021" n_itemId="156301027" n_itemNum="1" n_probability="28" n_limitId="0" n_extraRandomGiftId="0" n_addScore="100" />
    <Record n_id="127" n_randomGiftId="110021" n_itemId="170046011" n_itemNum="1" n_probability="140" n_limitId="0" n_extraRandomGiftId="0" n_addScore="600" />
    <Record n_id="128" n_randomGiftId="110021" n_itemId="170046012" n_itemNum="1" n_probability="140" n_limitId="0" n_extraRandomGiftId="0" n_addScore="600" />
    <Record n_id="129" n_randomGiftId="110021" n_itemId="156101026" n_itemNum="1" n_probability="140" n_limitId="0" n_extraRandomGiftId="0" n_addScore="100" />
    <Record n_id="130" n_randomGiftId="110021" n_itemId="170045011" n_itemNum="1" n_probability="700" n_limitId="0" n_extraRandomGiftId="0" n_addScore="500" />
    <Record n_id="131" n_randomGiftId="110021" n_itemId="156401025" n_itemNum="1" n_probability="700" n_limitId="0" n_extraRandomGiftId="0" n_addScore="100" />
    <Record n_id="132" n_randomGiftId="110021" n_itemId="170044011" n_itemNum="1" n_probability="2625" n_limitId="0" n_extraRandomGiftId="0" n_addScore="400" />
    <Record n_id="133" n_randomGiftId="110021" n_itemId="156701024" n_itemNum="1" n_probability="2625" n_limitId="0" n_extraRandomGiftId="0" n_addScore="100" />
    <Record n_id="134" n_randomGiftId="110021" n_itemId="156501024" n_itemNum="1" n_probability="2625" n_limitId="0" n_extraRandomGiftId="0" n_addScore="100" />
    <Record n_id="135" n_randomGiftId="110021" n_itemId="156601024" n_itemNum="1" n_probability="2625" n_limitId="0" n_extraRandomGiftId="0" n_addScore="100" />
    <Record n_id="136" n_randomGiftId="110021" n_itemId="170043011" n_itemNum="1" n_probability="7500" n_limitId="0" n_extraRandomGiftId="0" n_addScore="300" />
    <Record n_id="137" n_randomGiftId="110021" n_itemId="156101023" n_itemNum="1" n_probability="7500" n_limitId="0" n_extraRandomGiftId="0" n_addScore="100" />
    <Record n_id="138" n_randomGiftId="110021" n_itemId="156201023" n_itemNum="1" n_probability="7500" n_limitId="0" n_extraRandomGiftId="0" n_addScore="100" />
    <Record n_id="139" n_randomGiftId="110021" n_itemId="156301023" n_itemNum="1" n_probability="7500" n_limitId="0" n_extraRandomGiftId="0" n_addScore="100" />
    <Record n_id="140" n_randomGiftId="110021" n_itemId="156401023" n_itemNum="1" n_probability="7500" n_limitId="0" n_extraRandomGiftId="0" n_addScore="100" />
    <Record n_id="141" n_randomGiftId="110021" n_itemId="156501023" n_itemNum="1" n_probability="7500" n_limitId="0" n_extraRandomGiftId="0" n_addScore="100" />
    <Record n_id="142" n_randomGiftId="110021" n_itemId="156601023" n_itemNum="1" n_probability="7500" n_limitId="0" n_extraRandomGiftId="0" n_addScore="100" />
    <Record n_id="143" n_randomGiftId="110021" n_itemId="156701023" n_itemNum="1" n_probability="7500" n_limitId="0" n_extraRandomGiftId="0" n_addScore="100" />
    <Record n_id="144" n_randomGiftId="110031" n_itemId="170075011" n_itemNum="1" n_probability="2" n_limitId="0" n_extraRandomGiftId="0" n_addScore="28000" />
    <Record n_id="145" n_randomGiftId="110031" n_itemId="156201035" n_itemNum="1" n_probability="2" n_limitId="0" n_extraRandomGiftId="0" n_addScore="16800" />
    <Record n_id="146" n_randomGiftId="110031" n_itemId="170074011" n_itemNum="1" n_probability="80" n_limitId="0" n_extraRandomGiftId="0" n_addScore="4100" />
    <Record n_id="147" n_randomGiftId="110031" n_itemId="156201034" n_itemNum="1" n_probability="80" n_limitId="0" n_extraRandomGiftId="0" n_addScore="5000" />
    <Record n_id="148" n_randomGiftId="110031" n_itemId="170073011" n_itemNum="1" n_probability="800" n_limitId="0" n_extraRandomGiftId="0" n_addScore="750" />
    <Record n_id="149" n_randomGiftId="110031" n_itemId="156301033" n_itemNum="1" n_probability="800" n_limitId="0" n_extraRandomGiftId="0" n_addScore="135" />
    <Record n_id="150" n_randomGiftId="110031" n_itemId="170072011" n_itemNum="1" n_probability="430" n_limitId="0" n_extraRandomGiftId="0" n_addScore="390" />
    <Record n_id="151" n_randomGiftId="110031" n_itemId="156501032" n_itemNum="1" n_probability="195" n_limitId="0" n_extraRandomGiftId="0" n_addScore="230" />
    <Record n_id="152" n_randomGiftId="110031" n_itemId="156601032" n_itemNum="1" n_probability="195" n_limitId="0" n_extraRandomGiftId="0" n_addScore="230" />
    <Record n_id="153" n_randomGiftId="110031" n_itemId="157007006" n_itemNum="1" n_probability="168" n_limitId="0" n_extraRandomGiftId="0" n_addScore="39" />
    <Record n_id="154" n_randomGiftId="110031" n_itemId="153007004" n_itemNum="1" n_probability="168" n_limitId="0" n_extraRandomGiftId="0" n_addScore="78" />
    <Record n_id="155" n_randomGiftId="110031" n_itemId="170071011" n_itemNum="1" n_probability="360" n_limitId="0" n_extraRandomGiftId="0" n_addScore="70" />
    <Record n_id="156" n_randomGiftId="110031" n_itemId="156101031" n_itemNum="1" n_probability="120" n_limitId="0" n_extraRandomGiftId="0" n_addScore="42" />
    <Record n_id="157" n_randomGiftId="110031" n_itemId="156401031" n_itemNum="1" n_probability="120" n_limitId="0" n_extraRandomGiftId="0" n_addScore="42" />
    <Record n_id="158" n_randomGiftId="110031" n_itemId="156701031" n_itemNum="1" n_probability="120" n_limitId="0" n_extraRandomGiftId="0" n_addScore="42" />
    <Record n_id="159" n_randomGiftId="110031" n_itemId="157007014" n_itemNum="1" n_probability="180" n_limitId="0" n_extraRandomGiftId="0" n_addScore="7" />
    <Record n_id="160" n_randomGiftId="110031" n_itemId="153007006" n_itemNum="1" n_probability="180" n_limitId="0" n_extraRandomGiftId="0" n_addScore="14" />
  </Table>
</ExData>